filterType,params,variance,latency,rawThresh,filtThresh,peakRaw,peakFilt
oneeuro,mc=0.001 β=0.00001 dc=0.5,0.0757,158.00,0.00,0.00,315.12,315.12
oneeuro,mc=0.001 β=0.00001 dc=1,0.0816,116.00,0.00,0.00,315.12,315.12
oneeuro,mc=0.001 β=0.0001 dc=0.5,0.4818,21.00,0.00,0.00,315.12,315.12
oneeuro,mc=0.001 β=0.0001 dc=1,0.5134,0.00,0.00,0.00,315.12,315.12
oneeuro,mc=0.001 β=0.0005 dc=0.5,1.2845,0.00,0.00,0.00,315.12,315.12
oneeuro,mc=0.001 β=0.0005 dc=1,1.2924,0.00,0.00,0.00,315.12,315.12
oneeuro,mc=0.001 β=0.001 dc=0.5,1.6061,0.00,0.00,0.00,315.12,315.12
oneeuro,mc=0.001 β=0.001 dc=1,1.5713,0.00,0.00,0.00,315.12,315.12
oneeuro,mc=0.001 β=0.003 dc=0.5,1.7995,0.00,0.00,0.00,315.12,315.12
oneeuro,mc=0.001 β=0.003 dc=1,1.6879,0.00,0.00,0.00,315.12,315.12
oneeuro,mc=0.001 β=0.005 dc=0.5,1.7644,0.00,0.00,0.00,315.12,315.12
oneeuro,mc=0.001 β=0.005 dc=1,1.6456,0.00,0.00,0.00,315.12,315.12
oneeuro,mc=0.001 β=0.01 dc=0.5,1.6962,0.00,0.00,0.00,315.12,315.12
oneeuro,mc=0.001 β=0.01 dc=1,1.6276,0.00,0.00,0.00,315.12,315.12
oneeuro,mc=0.001 β=0.05 dc=0.5,1.8120,0.00,0.00,0.00,315.12,315.12
oneeuro,mc=0.001 β=0.05 dc=1,1.9323,0.00,0.00,0.00,315.12,315.12
oneeuro,mc=0.005 β=0.00001 dc=0.5,0.1480,147.00,0.00,0.00,315.12,315.12
oneeuro,mc=0.005 β=0.00001 dc=1,0.1536,111.00,0.00,0.00,315.12,315.12
oneeuro,mc=0.005 β=0.0001 dc=0.5,0.5315,20.00,0.00,0.00,315.12,315.12
oneeuro,mc=0.005 β=0.0001 dc=1,0.5614,0.00,0.00,0.00,315.12,315.12
oneeuro,mc=0.005 β=0.0005 dc=0.5,1.2988,0.00,0.00,0.00,315.12,315.12
oneeuro,mc=0.005 β=0.0005 dc=1,1.3063,0.00,0.00,0.00,315.12,315.12
oneeuro,mc=0.005 β=0.001 dc=0.5,1.6098,0.00,0.00,0.00,315.12,315.12
oneeuro,mc=0.005 β=0.001 dc=1,1.5749,0.00,0.00,0.00,315.12,315.12
oneeuro,mc=0.005 β=0.003 dc=0.5,1.7966,0.00,0.00,0.00,315.12,315.12
oneeuro,mc=0.005 β=0.003 dc=1,1.6862,0.00,0.00,0.00,315.12,315.12
oneeuro,mc=0.005 β=0.005 dc=0.5,1.7618,0.00,0.00,0.00,315.12,315.12
oneeuro,mc=0.005 β=0.005 dc=1,1.6444,0.00,0.00,0.00,315.12,315.12
oneeuro,mc=0.005 β=0.01 dc=0.5,1.6950,0.00,0.00,0.00,315.12,315.12
oneeuro,mc=0.005 β=0.01 dc=1,1.6272,0.00,0.00,0.00,315.12,315.12
oneeuro,mc=0.005 β=0.05 dc=0.5,1.8119,0.00,0.00,0.00,315.12,315.12
oneeuro,mc=0.005 β=0.05 dc=1,1.9324,0.00,0.00,0.00,315.12,315.12
oneeuro,mc=0.01 β=0.00001 dc=0.5,0.2339,137.00,0.00,0.00,315.12,315.12
oneeuro,mc=0.01 β=0.00001 dc=1,0.2390,104.00,0.00,0.00,315.12,315.12
oneeuro,mc=0.01 β=0.0001 dc=0.5,0.5910,19.00,0.00,0.00,315.12,315.12
oneeuro,mc=0.01 β=0.0001 dc=1,0.6187,0.00,0.00,0.00,315.12,315.12
oneeuro,mc=0.01 β=0.0005 dc=0.5,1.3160,0.00,0.00,0.00,315.12,315.12
oneeuro,mc=0.01 β=0.0005 dc=1,1.3230,0.00,0.00,0.00,315.12,315.12
oneeuro,mc=0.01 β=0.001 dc=0.5,1.6142,0.00,0.00,0.00,315.12,315.12
oneeuro,mc=0.01 β=0.001 dc=1,1.5793,0.00,0.00,0.00,315.12,315.12
oneeuro,mc=0.01 β=0.003 dc=0.5,1.7929,0.00,0.00,0.00,315.12,315.12
oneeuro,mc=0.01 β=0.003 dc=1,1.6840,0.00,0.00,0.00,315.12,315.12
oneeuro,mc=0.01 β=0.005 dc=0.5,1.7586,0.00,0.00,0.00,315.12,315.12
oneeuro,mc=0.01 β=0.005 dc=1,1.6429,0.00,0.00,0.00,315.12,315.12
oneeuro,mc=0.01 β=0.01 dc=0.5,1.6934,0.00,0.00,0.00,315.12,315.12
oneeuro,mc=0.01 β=0.01 dc=1,1.6267,0.00,0.00,0.00,315.12,315.12
oneeuro,mc=0.01 β=0.05 dc=0.5,1.8118,0.00,0.00,0.00,315.12,315.12
oneeuro,mc=0.01 β=0.05 dc=1,1.9326,0.00,0.00,0.00,315.12,315.12
oneeuro,mc=0.02 β=0.00001 dc=0.5,0.3914,124.00,0.00,0.00,315.12,315.12
oneeuro,mc=0.02 β=0.00001 dc=1,0.3957,94.00,0.00,0.00,315.12,315.12
oneeuro,mc=0.02 β=0.0001 dc=0.5,0.7013,17.00,0.00,0.00,315.12,315.12
oneeuro,mc=0.02 β=0.0001 dc=1,0.7252,0.00,0.00,0.00,315.12,315.12
oneeuro,mc=0.02 β=0.0005 dc=0.5,1.3487,0.00,0.00,0.00,315.12,315.12
oneeuro,mc=0.02 β=0.0005 dc=1,1.3544,0.00,0.00,0.00,315.12,315.12
oneeuro,mc=0.02 β=0.001 dc=0.5,1.6223,0.00,0.00,0.00,315.12,315.12
oneeuro,mc=0.02 β=0.001 dc=1,1.5873,0.00,0.00,0.00,315.12,315.12
oneeuro,mc=0.02 β=0.003 dc=0.5,1.7857,0.00,0.00,0.00,315.12,315.12
oneeuro,mc=0.02 β=0.003 dc=1,1.6796,0.00,0.00,0.00,315.12,315.12
oneeuro,mc=0.02 β=0.005 dc=0.5,1.7524,0.00,0.00,0.00,315.12,315.12
oneeuro,mc=0.02 β=0.005 dc=1,1.6400,0.00,0.00,0.00,315.12,315.12
oneeuro,mc=0.02 β=0.01 dc=0.5,1.6903,0.00,0.00,0.00,315.12,315.12
oneeuro,mc=0.02 β=0.01 dc=1,1.6257,0.00,0.00,0.00,315.12,315.12
oneeuro,mc=0.02 β=0.05 dc=0.5,1.8115,0.00,0.00,0.00,315.12,315.12
oneeuro,mc=0.02 β=0.05 dc=1,1.9330,0.00,0.00,0.00,315.12,315.12
oneeuro,mc=0.05 β=0.00001 dc=0.5,0.7672,90.00,0.00,0.00,315.12,315.12
oneeuro,mc=0.05 β=0.00001 dc=1,0.7698,76.00,0.00,0.00,315.12,315.12
oneeuro,mc=0.05 β=0.0001 dc=0.5,0.9716,9.00,0.00,0.00,315.12,315.12
oneeuro,mc=0.05 β=0.0001 dc=1,0.9867,0.00,0.00,0.00,315.12,315.12
oneeuro,mc=0.05 β=0.0005 dc=0.5,1.4321,0.00,0.00,0.00,315.12,315.12
oneeuro,mc=0.05 β=0.0005 dc=1,1.4336,0.00,0.00,0.00,315.12,315.12
oneeuro,mc=0.05 β=0.001 dc=0.5,1.6422,0.00,0.00,0.00,315.12,315.12
oneeuro,mc=0.05 β=0.001 dc=1,1.6067,0.00,0.00,0.00,315.12,315.12
oneeuro,mc=0.05 β=0.003 dc=0.5,1.7649,0.00,0.00,0.00,315.12,315.12
oneeuro,mc=0.05 β=0.003 dc=1,1.6670,0.00,0.00,0.00,315.12,315.12
oneeuro,mc=0.05 β=0.005 dc=0.5,1.7346,0.00,0.00,0.00,315.12,315.12
oneeuro,mc=0.05 β=0.005 dc=1,1.6317,0.00,0.00,0.00,315.12,315.12
oneeuro,mc=0.05 β=0.01 dc=0.5,1.6814,0.00,0.00,0.00,315.12,315.12
oneeuro,mc=0.05 β=0.01 dc=1,1.6230,0.00,0.00,0.00,315.12,315.12
oneeuro,mc=0.05 β=0.05 dc=0.5,1.8108,0.00,0.00,0.00,315.12,315.12
oneeuro,mc=0.05 β=0.05 dc=1,1.9343,0.00,0.00,0.00,315.12,315.12
oneeuro,mc=0.1 β=0.00001 dc=0.5,1.1616,64.00,0.00,0.00,315.12,315.12
oneeuro,mc=0.1 β=0.00001 dc=1,1.1627,53.00,0.00,0.00,315.12,315.12
oneeuro,mc=0.1 β=0.0001 dc=0.5,1.2664,0.00,0.00,0.00,315.12,315.12
oneeuro,mc=0.1 β=0.0001 dc=1,1.2731,0.00,0.00,0.00,315.12,315.12
oneeuro,mc=0.1 β=0.0005 dc=0.5,1.5283,0.00,0.00,0.00,315.12,315.12
oneeuro,mc=0.1 β=0.0005 dc=1,1.5220,0.00,0.00,0.00,315.12,315.12
oneeuro,mc=0.1 β=0.001 dc=0.5,1.6600,0.00,0.00,0.00,315.12,315.12
oneeuro,mc=0.1 β=0.001 dc=1,1.6246,0.00,0.00,0.00,315.12,315.12
oneeuro,mc=0.1 β=0.003 dc=0.5,1.7333,0.00,0.00,0.00,315.12,315.12
oneeuro,mc=0.1 β=0.003 dc=1,1.6473,0.00,0.00,0.00,315.12,315.12
oneeuro,mc=0.1 β=0.005 dc=0.5,1.7075,0.00,0.00,0.00,315.12,315.12
oneeuro,mc=0.1 β=0.005 dc=1,1.6197,0.00,0.00,0.00,315.12,315.12
oneeuro,mc=0.1 β=0.01 dc=0.5,1.6677,0.00,0.00,0.00,315.12,315.12
oneeuro,mc=0.1 β=0.01 dc=1,1.6194,0.00,0.00,0.00,315.12,315.12
oneeuro,mc=0.1 β=0.05 dc=0.5,1.8099,0.00,0.00,0.00,315.12,315.12
oneeuro,mc=0.1 β=0.05 dc=1,1.9365,0.00,0.00,0.00,315.12,315.12
oneeuro,mc=0.2 β=0.00001 dc=0.5,1.4925,18.00,0.00,0.00,315.12,315.12
oneeuro,mc=0.2 β=0.00001 dc=1,1.4926,11.00,0.00,0.00,315.12,315.12
oneeuro,mc=0.2 β=0.0001 dc=0.5,1.5230,0.00,0.00,0.00,315.12,315.12
oneeuro,mc=0.2 β=0.0001 dc=1,1.5224,0.00,0.00,0.00,315.12,315.12
oneeuro,mc=0.2 β=0.0005 dc=0.5,1.6092,0.00,0.00,0.00,315.12,315.12
oneeuro,mc=0.2 β=0.0005 dc=1,1.5963,0.00,0.00,0.00,315.12,315.12
oneeuro,mc=0.2 β=0.001 dc=0.5,1.6567,0.00,0.00,0.00,315.12,315.12
oneeuro,mc=0.2 β=0.001 dc=1,1.6270,0.00,0.00,0.00,315.12,315.12
oneeuro,mc=0.2 β=0.003 dc=0.5,1.6806,0.00,0.00,0.00,315.12,315.12
oneeuro,mc=0.2 β=0.003 dc=1,1.6167,0.00,0.00,0.00,315.12,315.12
oneeuro,mc=0.2 β=0.005 dc=0.5,1.6643,0.00,0.00,0.00,315.12,315.12
oneeuro,mc=0.2 β=0.005 dc=1,1.6014,0.00,0.00,0.00,315.12,315.12
oneeuro,mc=0.2 β=0.01 dc=0.5,1.6461,0.00,0.00,0.00,315.12,315.12
oneeuro,mc=0.2 β=0.01 dc=1,1.6149,0.00,0.00,0.00,315.12,315.12
oneeuro,mc=0.2 β=0.05 dc=0.5,1.8095,0.00,0.00,0.00,315.12,315.12
oneeuro,mc=0.2 β=0.05 dc=1,1.9414,0.00,0.00,0.00,315.12,315.12
oneeuro,mc=0.5 β=0.00001 dc=0.5,1.5806,0.00,0.00,0.00,315.12,315.12
oneeuro,mc=0.5 β=0.00001 dc=1,1.5805,0.00,0.00,0.00,315.12,315.12
oneeuro,mc=0.5 β=0.0001 dc=0.5,1.5820,0.00,0.00,0.00,315.12,315.12
oneeuro,mc=0.5 β=0.0001 dc=1,1.5804,0.00,0.00,0.00,315.12,315.12
oneeuro,mc=0.5 β=0.0005 dc=0.5,1.5865,0.00,0.00,0.00,315.12,315.12
oneeuro,mc=0.5 β=0.0005 dc=1,1.5794,0.00,0.00,0.00,315.12,315.12
oneeuro,mc=0.5 β=0.001 dc=0.5,1.5899,0.00,0.00,0.00,315.12,315.12
oneeuro,mc=0.5 β=0.001 dc=1,1.5773,0.00,0.00,0.00,315.12,315.12
oneeuro,mc=0.5 β=0.003 dc=0.5,1.5950,0.00,0.00,0.00,315.12,315.12
oneeuro,mc=0.5 β=0.003 dc=1,1.5738,0.00,0.00,0.00,315.12,315.12
oneeuro,mc=0.5 β=0.005 dc=0.5,1.5989,0.00,0.00,0.00,315.12,315.12
oneeuro,mc=0.5 β=0.005 dc=1,1.5802,0.00,0.00,0.00,315.12,315.12
oneeuro,mc=0.5 β=0.01 dc=0.5,1.6176,0.00,0.00,0.00,315.12,315.12
oneeuro,mc=0.5 β=0.01 dc=1,1.6191,0.00,0.00,0.00,315.12,315.12
oneeuro,mc=0.5 β=0.05 dc=0.5,1.8172,0.00,0.00,0.00,315.12,315.12
oneeuro,mc=0.5 β=0.05 dc=1,1.9597,0.00,0.00,0.00,315.12,315.12
oneeuro,mc=1 β=0.00001 dc=0.5,1.5663,0.00,0.00,0.00,315.12,315.12
oneeuro,mc=1 β=0.00001 dc=1,1.5663,0.00,0.00,0.00,315.12,315.12
oneeuro,mc=1 β=0.0001 dc=0.5,1.5670,0.00,0.00,0.00,315.12,315.12
oneeuro,mc=1 β=0.0001 dc=1,1.5669,0.00,0.00,0.00,315.12,315.12
oneeuro,mc=1 β=0.0005 dc=0.5,1.5700,0.00,0.00,0.00,315.12,315.12
oneeuro,mc=1 β=0.0005 dc=1,1.5697,0.00,0.00,0.00,315.12,315.12
oneeuro,mc=1 β=0.001 dc=0.5,1.5736,0.00,0.00,0.00,315.12,315.12
oneeuro,mc=1 β=0.001 dc=1,1.5735,0.00,0.00,0.00,315.12,315.12
oneeuro,mc=1 β=0.003 dc=0.5,1.5880,0.00,0.00,0.00,315.12,315.12
oneeuro,mc=1 β=0.003 dc=1,1.5908,0.00,0.00,0.00,315.12,315.12
oneeuro,mc=1 β=0.005 dc=0.5,1.6022,0.00,0.00,0.00,315.12,315.12
oneeuro,mc=1 β=0.005 dc=1,1.6103,0.00,0.00,0.00,315.12,315.12
oneeuro,mc=1 β=0.01 dc=0.5,1.6361,0.00,0.00,0.00,315.12,315.12
oneeuro,mc=1 β=0.01 dc=1,1.6617,0.00,0.00,0.00,315.12,315.12
oneeuro,mc=1 β=0.05 dc=0.5,1.8510,0.00,0.00,0.00,315.12,315.12
oneeuro,mc=1 β=0.05 dc=1,1.9981,0.00,0.00,0.00,315.12,315.12
oneeuro,mc=2 β=0.00001 dc=0.5,1.6995,0.00,0.00,0.00,315.12,315.12
oneeuro,mc=2 β=0.00001 dc=1,1.6996,0.00,0.00,0.00,315.12,315.12
oneeuro,mc=2 β=0.0001 dc=0.5,1.7002,0.00,0.00,0.00,315.12,315.12
oneeuro,mc=2 β=0.0001 dc=1,1.7005,0.00,0.00,0.00,315.12,315.12
oneeuro,mc=2 β=0.0005 dc=0.5,1.7029,0.00,0.00,0.00,315.12,315.12
oneeuro,mc=2 β=0.0005 dc=1,1.7046,0.00,0.00,0.00,315.12,315.12
oneeuro,mc=2 β=0.001 dc=0.5,1.7064,0.00,0.00,0.00,315.12,315.12
oneeuro,mc=2 β=0.001 dc=1,1.7098,0.00,0.00,0.00,315.12,315.12
oneeuro,mc=2 β=0.003 dc=0.5,1.7197,0.00,0.00,0.00,315.12,315.12
oneeuro,mc=2 β=0.003 dc=1,1.7301,0.00,0.00,0.00,315.12,315.12
oneeuro,mc=2 β=0.005 dc=0.5,1.7327,0.00,0.00,0.00,315.12,315.12
oneeuro,mc=2 β=0.005 dc=1,1.7499,0.00,0.00,0.00,315.12,315.12
oneeuro,mc=2 β=0.01 dc=0.5,1.7632,0.00,0.00,0.00,315.12,315.12
oneeuro,mc=2 β=0.01 dc=1,1.7969,0.00,0.00,0.00,315.12,315.12
oneeuro,mc=2 β=0.05 dc=0.5,1.9557,0.00,0.00,0.00,315.12,315.12
oneeuro,mc=2 β=0.05 dc=1,2.0940,0.00,0.00,0.00,315.12,315.12
exponential,α=0.0010,0.1773,88.00,0.00,0.00,315.12,315.12
exponential,α=0.0020,0.3359,84.00,0.00,0.00,315.12,315.12
exponential,α=0.0030,0.4778,81.00,0.00,0.00,315.12,315.12
exponential,α=0.0040,0.6047,79.00,0.00,0.00,315.12,315.12
exponential,α=0.0050,0.7181,76.00,0.00,0.00,315.12,315.12
exponential,α=0.0060,0.8194,74.00,0.00,0.00,315.12,315.12
exponential,α=0.0070,0.9098,71.00,0.00,0.00,315.12,315.12
exponential,α=0.0080,0.9905,69.00,0.00,0.00,315.12,315.12
exponential,α=0.0090,1.0625,66.00,0.00,0.00,315.12,315.12
exponential,α=0.0100,1.1266,62.00,0.00,0.00,315.12,315.12
exponential,α=0.0110,1.1837,58.00,0.00,0.00,315.12,315.12
exponential,α=0.0120,1.2345,53.00,0.00,0.00,315.12,315.12
exponential,α=0.0130,1.2797,50.00,0.00,0.00,315.12,315.12
exponential,α=0.0140,1.3197,40.00,0.00,0.00,315.12,315.12
exponential,α=0.0150,1.3553,33.00,0.00,0.00,315.12,315.12
exponential,α=0.0160,1.3868,30.00,0.00,0.00,315.12,315.12
exponential,α=0.0170,1.4146,27.00,0.00,0.00,315.12,315.12
exponential,α=0.0180,1.4392,25.00,0.00,0.00,315.12,315.12
exponential,α=0.0190,1.4609,22.00,0.00,0.00,315.12,315.12
exponential,α=0.0200,1.4799,20.00,0.00,0.00,315.12,315.12
exponential,α=0.0210,1.4966,18.00,0.00,0.00,315.12,315.12
exponential,α=0.0220,1.5113,13.00,0.00,0.00,315.12,315.12
exponential,α=0.0230,1.5240,7.00,0.00,0.00,315.12,315.12
exponential,α=0.0240,1.5351,1.00,0.00,0.00,315.12,315.12
exponential,α=0.0250,1.5447,0.00,0.00,0.00,315.12,315.12
exponential,α=0.0260,1.5530,0.00,0.00,0.00,315.12,315.12
exponential,α=0.0270,1.5601,0.00,0.00,0.00,315.12,315.12
exponential,α=0.0280,1.5661,0.00,0.00,0.00,315.12,315.12
exponential,α=0.0290,1.5712,0.00,0.00,0.00,315.12,315.12
exponential,α=0.0300,1.5755,0.00,0.00,0.00,315.12,315.12
exponential,α=0.0310,1.5790,0.00,0.00,0.00,315.12,315.12
exponential,α=0.0320,1.5819,0.00,0.00,0.00,315.12,315.12
exponential,α=0.0330,1.5842,0.00,0.00,0.00,315.12,315.12
exponential,α=0.0340,1.5859,0.00,0.00,0.00,315.12,315.12
exponential,α=0.0350,1.5873,0.00,0.00,0.00,315.12,315.12
exponential,α=0.0360,1.5882,0.00,0.00,0.00,315.12,315.12
exponential,α=0.0370,1.5888,0.00,0.00,0.00,315.12,315.12
exponential,α=0.0380,1.5891,0.00,0.00,0.00,315.12,315.12
exponential,α=0.0390,1.5891,0.00,0.00,0.00,315.12,315.12
exponential,α=0.0400,1.5889,0.00,0.00,0.00,315.12,315.12
exponential,α=0.0410,1.5886,0.00,0.00,0.00,315.12,315.12
exponential,α=0.0420,1.5880,0.00,0.00,0.00,315.12,315.12
exponential,α=0.0430,1.5873,0.00,0.00,0.00,315.12,315.12
exponential,α=0.0440,1.5865,0.00,0.00,0.00,315.12,315.12
exponential,α=0.0450,1.5856,0.00,0.00,0.00,315.12,315.12
exponential,α=0.0460,1.5846,0.00,0.00,0.00,315.12,315.12
exponential,α=0.0470,1.5836,0.00,0.00,0.00,315.12,315.12
exponential,α=0.0480,1.5825,0.00,0.00,0.00,315.12,315.12
exponential,α=0.0490,1.5813,0.00,0.00,0.00,315.12,315.12
exponential,α=0.0500,1.5802,0.00,0.00,0.00,315.12,315.12
exponential,α=0.0510,1.5790,0.00,0.00,0.00,315.12,315.12
exponential,α=0.0520,1.5778,0.00,0.00,0.00,315.12,315.12
exponential,α=0.0530,1.5767,0.00,0.00,0.00,315.12,315.12
exponential,α=0.0540,1.5755,0.00,0.00,0.00,315.12,315.12
exponential,α=0.0550,1.5744,0.00,0.00,0.00,315.12,315.12
exponential,α=0.0560,1.5732,0.00,0.00,0.00,315.12,315.12
exponential,α=0.0570,1.5722,0.00,0.00,0.00,315.12,315.12
exponential,α=0.0580,1.5711,0.00,0.00,0.00,315.12,315.12
exponential,α=0.0590,1.5701,0.00,0.00,0.00,315.12,315.12
exponential,α=0.0600,1.5691,0.00,0.00,0.00,315.12,315.12
exponential,α=0.0610,1.5682,0.00,0.00,0.00,315.12,315.12
exponential,α=0.0620,1.5673,0.00,0.00,0.00,315.12,315.12
exponential,α=0.0630,1.5664,0.00,0.00,0.00,315.12,315.12
exponential,α=0.0640,1.5656,0.00,0.00,0.00,315.12,315.12
exponential,α=0.0650,1.5649,0.00,0.00,0.00,315.12,315.12
exponential,α=0.0660,1.5642,0.00,0.00,0.00,315.12,315.12
exponential,α=0.0670,1.5636,0.00,0.00,0.00,315.12,315.12
exponential,α=0.0680,1.5630,0.00,0.00,0.00,315.12,315.12
exponential,α=0.0690,1.5624,0.00,0.00,0.00,315.12,315.12
exponential,α=0.0700,1.5620,0.00,0.00,0.00,315.12,315.12
exponential,α=0.0710,1.5615,0.00,0.00,0.00,315.12,315.12
exponential,α=0.0720,1.5612,0.00,0.00,0.00,315.12,315.12
exponential,α=0.0730,1.5608,0.00,0.00,0.00,315.12,315.12
exponential,α=0.0740,1.5606,0.00,0.00,0.00,315.12,315.12
exponential,α=0.0750,1.5604,0.00,0.00,0.00,315.12,315.12
exponential,α=0.0760,1.5602,0.00,0.00,0.00,315.12,315.12
exponential,α=0.0770,1.5601,0.00,0.00,0.00,315.12,315.12
exponential,α=0.0780,1.5600,0.00,0.00,0.00,315.12,315.12
exponential,α=0.0790,1.5600,0.00,0.00,0.00,315.12,315.12
exponential,α=0.0800,1.5601,0.00,0.00,0.00,315.12,315.12
exponential,α=0.0810,1.5602,0.00,0.00,0.00,315.12,315.12
exponential,α=0.0820,1.5603,0.00,0.00,0.00,315.12,315.12
exponential,α=0.0830,1.5605,0.00,0.00,0.00,315.12,315.12
exponential,α=0.0840,1.5607,0.00,0.00,0.00,315.12,315.12
exponential,α=0.0850,1.5610,0.00,0.00,0.00,315.12,315.12
exponential,α=0.0860,1.5614,0.00,0.00,0.00,315.12,315.12
exponential,α=0.0870,1.5618,0.00,0.00,0.00,315.12,315.12
exponential,α=0.0880,1.5622,0.00,0.00,0.00,315.12,315.12
exponential,α=0.0890,1.5627,0.00,0.00,0.00,315.12,315.12
exponential,α=0.0900,1.5632,0.00,0.00,0.00,315.12,315.12
exponential,α=0.0910,1.5637,0.00,0.00,0.00,315.12,315.12
exponential,α=0.0920,1.5643,0.00,0.00,0.00,315.12,315.12
exponential,α=0.0930,1.5650,0.00,0.00,0.00,315.12,315.12
exponential,α=0.0940,1.5657,0.00,0.00,0.00,315.12,315.12
exponential,α=0.0950,1.5664,0.00,0.00,0.00,315.12,315.12
exponential,α=0.0960,1.5671,0.00,0.00,0.00,315.12,315.12
exponential,α=0.0970,1.5679,0.00,0.00,0.00,315.12,315.12
exponential,α=0.0980,1.5688,0.00,0.00,0.00,315.12,315.12
exponential,α=0.0990,1.5697,0.00,0.00,0.00,315.12,315.12
exponential,α=0.1000,1.5706,0.00,0.00,0.00,315.12,315.12
exponential,α=0.1010,1.5715,0.00,0.00,0.00,315.12,315.12
exponential,α=0.1020,1.5725,0.00,0.00,0.00,315.12,315.12
exponential,α=0.1030,1.5735,0.00,0.00,0.00,315.12,315.12
exponential,α=0.1040,1.5746,0.00,0.00,0.00,315.12,315.12
exponential,α=0.1050,1.5756,0.00,0.00,0.00,315.12,315.12
exponential,α=0.1060,1.5768,0.00,0.00,0.00,315.12,315.12
exponential,α=0.1070,1.5779,0.00,0.00,0.00,315.12,315.12
exponential,α=0.1080,1.5791,0.00,0.00,0.00,315.12,315.12
exponential,α=0.1090,1.5803,0.00,0.00,0.00,315.12,315.12
exponential,α=0.1100,1.5815,0.00,0.00,0.00,315.12,315.12
exponential,α=0.1110,1.5828,0.00,0.00,0.00,315.12,315.12
exponential,α=0.1120,1.5841,0.00,0.00,0.00,315.12,315.12
exponential,α=0.1130,1.5854,0.00,0.00,0.00,315.12,315.12
exponential,α=0.1140,1.5867,0.00,0.00,0.00,315.12,315.12
exponential,α=0.1150,1.5881,0.00,0.00,0.00,315.12,315.12
exponential,α=0.1160,1.5895,0.00,0.00,0.00,315.12,315.12
exponential,α=0.1170,1.5909,0.00,0.00,0.00,315.12,315.12
exponential,α=0.1180,1.5924,0.00,0.00,0.00,315.12,315.12
exponential,α=0.1190,1.5938,0.00,0.00,0.00,315.12,315.12
exponential,α=0.1200,1.5953,0.00,0.00,0.00,315.12,315.12
exponential,α=0.1210,1.5968,0.00,0.00,0.00,315.12,315.12
exponential,α=0.1220,1.5984,0.00,0.00,0.00,315.12,315.12
exponential,α=0.1230,1.6000,0.00,0.00,0.00,315.12,315.12
exponential,α=0.1240,1.6015,0.00,0.00,0.00,315.12,315.12
exponential,α=0.1250,1.6031,0.00,0.00,0.00,315.12,315.12
exponential,α=0.1260,1.6048,0.00,0.00,0.00,315.12,315.12
exponential,α=0.1270,1.6064,0.00,0.00,0.00,315.12,315.12
exponential,α=0.1280,1.6081,0.00,0.00,0.00,315.12,315.12
exponential,α=0.1290,1.6098,0.00,0.00,0.00,315.12,315.12
exponential,α=0.1300,1.6115,0.00,0.00,0.00,315.12,315.12
exponential,α=0.1310,1.6132,0.00,0.00,0.00,315.12,315.12
exponential,α=0.1320,1.6150,0.00,0.00,0.00,315.12,315.12
exponential,α=0.1330,1.6167,0.00,0.00,0.00,315.12,315.12
exponential,α=0.1340,1.6185,0.00,0.00,0.00,315.12,315.12
exponential,α=0.1350,1.6203,0.00,0.00,0.00,315.12,315.12
exponential,α=0.1360,1.6221,0.00,0.00,0.00,315.12,315.12
exponential,α=0.1370,1.6240,0.00,0.00,0.00,315.12,315.12
exponential,α=0.1380,1.6258,0.00,0.00,0.00,315.12,315.12
exponential,α=0.1390,1.6277,0.00,0.00,0.00,315.12,315.12
exponential,α=0.1400,1.6296,0.00,0.00,0.00,315.12,315.12
exponential,α=0.1410,1.6315,0.00,0.00,0.00,315.12,315.12
exponential,α=0.1420,1.6334,0.00,0.00,0.00,315.12,315.12
exponential,α=0.1430,1.6353,0.00,0.00,0.00,315.12,315.12
exponential,α=0.1440,1.6373,0.00,0.00,0.00,315.12,315.12
exponential,α=0.1450,1.6392,0.00,0.00,0.00,315.12,315.12
exponential,α=0.1460,1.6412,0.00,0.00,0.00,315.12,315.12
exponential,α=0.1470,1.6432,0.00,0.00,0.00,315.12,315.12
exponential,α=0.1480,1.6452,0.00,0.00,0.00,315.12,315.12
exponential,α=0.1490,1.6472,0.00,0.00,0.00,315.12,315.12
exponential,α=0.1500,1.6492,0.00,0.00,0.00,315.12,315.12
exponential,α=0.1510,1.6513,0.00,0.00,0.00,315.12,315.12
exponential,α=0.1520,1.6533,0.00,0.00,0.00,315.12,315.12
exponential,α=0.1530,1.6554,0.00,0.00,0.00,315.12,315.12
exponential,α=0.1540,1.6575,0.00,0.00,0.00,315.12,315.12
exponential,α=0.1550,1.6596,0.00,0.00,0.00,315.12,315.12
exponential,α=0.1560,1.6617,0.00,0.00,0.00,315.12,315.12
exponential,α=0.1570,1.6638,0.00,0.00,0.00,315.12,315.12
exponential,α=0.1580,1.6659,0.00,0.00,0.00,315.12,315.12
exponential,α=0.1590,1.6681,0.00,0.00,0.00,315.12,315.12
exponential,α=0.1600,1.6702,0.00,0.00,0.00,315.12,315.12
exponential,α=0.1610,1.6724,0.00,0.00,0.00,315.12,315.12
exponential,α=0.1620,1.6745,0.00,0.00,0.00,315.12,315.12
exponential,α=0.1630,1.6767,0.00,0.00,0.00,315.12,315.12
exponential,α=0.1640,1.6789,0.00,0.00,0.00,315.12,315.12
exponential,α=0.1650,1.6811,0.00,0.00,0.00,315.12,315.12
exponential,α=0.1660,1.6833,0.00,0.00,0.00,315.12,315.12
exponential,α=0.1670,1.6855,0.00,0.00,0.00,315.12,315.12
exponential,α=0.1680,1.6878,0.00,0.00,0.00,315.12,315.12
exponential,α=0.1690,1.6900,0.00,0.00,0.00,315.12,315.12
exponential,α=0.1700,1.6923,0.00,0.00,0.00,315.12,315.12
exponential,α=0.1710,1.6945,0.00,0.00,0.00,315.12,315.12
exponential,α=0.1720,1.6968,0.00,0.00,0.00,315.12,315.12
exponential,α=0.1730,1.6991,0.00,0.00,0.00,315.12,315.12
exponential,α=0.1740,1.7014,0.00,0.00,0.00,315.12,315.12
exponential,α=0.1750,1.7037,0.00,0.00,0.00,315.12,315.12
exponential,α=0.1760,1.7060,0.00,0.00,0.00,315.12,315.12
exponential,α=0.1770,1.7083,0.00,0.00,0.00,315.12,315.12
exponential,α=0.1780,1.7106,0.00,0.00,0.00,315.12,315.12
exponential,α=0.1790,1.7129,0.00,0.00,0.00,315.12,315.12
exponential,α=0.1800,1.7153,0.00,0.00,0.00,315.12,315.12
exponential,α=0.1810,1.7176,0.00,0.00,0.00,315.12,315.12
exponential,α=0.1820,1.7200,0.00,0.00,0.00,315.12,315.12
exponential,α=0.1830,1.7223,0.00,0.00,0.00,315.12,315.12
exponential,α=0.1840,1.7247,0.00,0.00,0.00,315.12,315.12
exponential,α=0.1850,1.7271,0.00,0.00,0.00,315.12,315.12
exponential,α=0.1860,1.7294,0.00,0.00,0.00,315.12,315.12
exponential,α=0.1870,1.7318,0.00,0.00,0.00,315.12,315.12
exponential,α=0.1880,1.7342,0.00,0.00,0.00,315.12,315.12
exponential,α=0.1890,1.7366,0.00,0.00,0.00,315.12,315.12
exponential,α=0.1900,1.7390,0.00,0.00,0.00,315.12,315.12
exponential,α=0.1910,1.7414,0.00,0.00,0.00,315.12,315.12
exponential,α=0.1920,1.7439,0.00,0.00,0.00,315.12,315.12
exponential,α=0.1930,1.7463,0.00,0.00,0.00,315.12,315.12
exponential,α=0.1940,1.7487,0.00,0.00,0.00,315.12,315.12
exponential,α=0.1950,1.7512,0.00,0.00,0.00,315.12,315.12
exponential,α=0.1960,1.7536,0.00,0.00,0.00,315.12,315.12
exponential,α=0.1970,1.7561,0.00,0.00,0.00,315.12,315.12
exponential,α=0.1980,1.7585,0.00,0.00,0.00,315.12,315.12
exponential,α=0.1990,1.7610,0.00,0.00,0.00,315.12,315.12
exponential,α=0.2000,1.7635,0.00,0.00,0.00,315.12,315.12
exponential,α=0.2010,1.7659,0.00,0.00,0.00,315.12,315.12
exponential,α=0.2020,1.7684,0.00,0.00,0.00,315.12,315.12
exponential,α=0.2030,1.7709,0.00,0.00,0.00,315.12,315.12
exponential,α=0.2040,1.7734,0.00,0.00,0.00,315.12,315.12
exponential,α=0.2050,1.7759,0.00,0.00,0.00,315.12,315.12
exponential,α=0.2060,1.7784,0.00,0.00,0.00,315.12,315.12
exponential,α=0.2070,1.7809,0.00,0.00,0.00,315.12,315.12
exponential,α=0.2080,1.7834,0.00,0.00,0.00,315.12,315.12
exponential,α=0.2090,1.7860,0.00,0.00,0.00,315.12,315.12
exponential,α=0.2100,1.7885,0.00,0.00,0.00,315.12,315.12
exponential,α=0.2110,1.7910,0.00,0.00,0.00,315.12,315.12
exponential,α=0.2120,1.7936,0.00,0.00,0.00,315.12,315.12
exponential,α=0.2130,1.7961,0.00,0.00,0.00,315.12,315.12
exponential,α=0.2140,1.7987,0.00,0.00,0.00,315.12,315.12
exponential,α=0.2150,1.8012,0.00,0.00,0.00,315.12,315.12
exponential,α=0.2160,1.8038,0.00,0.00,0.00,315.12,315.12
exponential,α=0.2170,1.8063,0.00,0.00,0.00,315.12,315.12
exponential,α=0.2180,1.8089,0.00,0.00,0.00,315.12,315.12
exponential,α=0.2190,1.8115,0.00,0.00,0.00,315.12,315.12
exponential,α=0.2200,1.8140,0.00,0.00,0.00,315.12,315.12
exponential,α=0.2210,1.8166,0.00,0.00,0.00,315.12,315.12
exponential,α=0.2220,1.8192,0.00,0.00,0.00,315.12,315.12
exponential,α=0.2230,1.8218,0.00,0.00,0.00,315.12,315.12
exponential,α=0.2240,1.8244,0.00,0.00,0.00,315.12,315.12
exponential,α=0.2250,1.8270,0.00,0.00,0.00,315.12,315.12
exponential,α=0.2260,1.8296,0.00,0.00,0.00,315.12,315.12
exponential,α=0.2270,1.8322,0.00,0.00,0.00,315.12,315.12
exponential,α=0.2280,1.8348,0.00,0.00,0.00,315.12,315.12
exponential,α=0.2290,1.8374,0.00,0.00,0.00,315.12,315.12
exponential,α=0.2300,1.8400,0.00,0.00,0.00,315.12,315.12
exponential,α=0.2310,1.8426,0.00,0.00,0.00,315.12,315.12
exponential,α=0.2320,1.8452,0.00,0.00,0.00,315.12,315.12
exponential,α=0.2330,1.8479,0.00,0.00,0.00,315.12,315.12
exponential,α=0.2340,1.8505,0.00,0.00,0.00,315.12,315.12
exponential,α=0.2350,1.8531,0.00,0.00,0.00,315.12,315.12
exponential,α=0.2360,1.8558,0.00,0.00,0.00,315.12,315.12
exponential,α=0.2370,1.8584,0.00,0.00,0.00,315.12,315.12
exponential,α=0.2380,1.8611,0.00,0.00,0.00,315.12,315.12
exponential,α=0.2390,1.8637,0.00,0.00,0.00,315.12,315.12
exponential,α=0.2400,1.8664,0.00,0.00,0.00,315.12,315.12
exponential,α=0.2410,1.8690,0.00,0.00,0.00,315.12,315.12
exponential,α=0.2420,1.8717,0.00,0.00,0.00,315.12,315.12
exponential,α=0.2430,1.8743,0.00,0.00,0.00,315.12,315.12
exponential,α=0.2440,1.8770,0.00,0.00,0.00,315.12,315.12
exponential,α=0.2450,1.8797,0.00,0.00,0.00,315.12,315.12
exponential,α=0.2460,1.8824,0.00,0.00,0.00,315.12,315.12
exponential,α=0.2470,1.8850,0.00,0.00,0.00,315.12,315.12
exponential,α=0.2480,1.8877,0.00,0.00,0.00,315.12,315.12
exponential,α=0.2490,1.8904,0.00,0.00,0.00,315.12,315.12
exponential,α=0.2500,1.8931,0.00,0.00,0.00,315.12,315.12
exponential,α=0.2510,1.8958,0.00,0.00,0.00,315.12,315.12
exponential,α=0.2520,1.8985,0.00,0.00,0.00,315.12,315.12
exponential,α=0.2530,1.9012,0.00,0.00,0.00,315.12,315.12
exponential,α=0.2540,1.9039,0.00,0.00,0.00,315.12,315.12
exponential,α=0.2550,1.9066,0.00,0.00,0.00,315.12,315.12
exponential,α=0.2560,1.9093,0.00,0.00,0.00,315.12,315.12
exponential,α=0.2570,1.9120,0.00,0.00,0.00,315.12,315.12
exponential,α=0.2580,1.9147,0.00,0.00,0.00,315.12,315.12
exponential,α=0.2590,1.9174,0.00,0.00,0.00,315.12,315.12
exponential,α=0.2600,1.9201,0.00,0.00,0.00,315.12,315.12
exponential,α=0.2610,1.9228,0.00,0.00,0.00,315.12,315.12
exponential,α=0.2620,1.9255,0.00,0.00,0.00,315.12,315.12
exponential,α=0.2630,1.9283,0.00,0.00,0.00,315.12,315.12
exponential,α=0.2640,1.9310,0.00,0.00,0.00,315.12,315.12
exponential,α=0.2650,1.9337,0.00,0.00,0.00,315.12,315.12
exponential,α=0.2660,1.9365,0.00,0.00,0.00,315.12,315.12
exponential,α=0.2670,1.9392,0.00,0.00,0.00,315.12,315.12
exponential,α=0.2680,1.9419,0.00,0.00,0.00,315.12,315.12
exponential,α=0.2690,1.9447,0.00,0.00,0.00,315.12,315.12
exponential,α=0.2700,1.9474,0.00,0.00,0.00,315.12,315.12
exponential,α=0.2710,1.9502,0.00,0.00,0.00,315.12,315.12
exponential,α=0.2720,1.9529,0.00,0.00,0.00,315.12,315.12
exponential,α=0.2730,1.9556,0.00,0.00,0.00,315.12,315.12
exponential,α=0.2740,1.9584,0.00,0.00,0.00,315.12,315.12
exponential,α=0.2750,1.9612,0.00,0.00,0.00,315.12,315.12
exponential,α=0.2760,1.9639,0.00,0.00,0.00,315.12,315.12
exponential,α=0.2770,1.9667,0.00,0.00,0.00,315.12,315.12
exponential,α=0.2780,1.9694,0.00,0.00,0.00,315.12,315.12
exponential,α=0.2790,1.9722,0.00,0.00,0.00,315.12,315.12
exponential,α=0.2800,1.9750,0.00,0.00,0.00,315.12,315.12
exponential,α=0.2810,1.9777,0.00,0.00,0.00,315.12,315.12
exponential,α=0.2820,1.9805,0.00,0.00,0.00,315.12,315.12
exponential,α=0.2830,1.9833,0.00,0.00,0.00,315.12,315.12
exponential,α=0.2840,1.9861,0.00,0.00,0.00,315.12,315.12
exponential,α=0.2850,1.9888,0.00,0.00,0.00,315.12,315.12
exponential,α=0.2860,1.9916,0.00,0.00,0.00,315.12,315.12
exponential,α=0.2870,1.9944,0.00,0.00,0.00,315.12,315.12
exponential,α=0.2880,1.9972,0.00,0.00,0.00,315.12,315.12
exponential,α=0.2890,2.0000,0.00,0.00,0.00,315.12,315.12
exponential,α=0.2900,2.0028,0.00,0.00,0.00,315.12,315.12
exponential,α=0.2910,2.0055,0.00,0.00,0.00,315.12,315.12
exponential,α=0.2920,2.0083,0.00,0.00,0.00,315.12,315.12
exponential,α=0.2930,2.0111,0.00,0.00,0.00,315.12,315.12
exponential,α=0.2940,2.0139,0.00,0.00,0.00,315.12,315.12
exponential,α=0.2950,2.0167,0.00,0.00,0.00,315.12,315.12
exponential,α=0.2960,2.0195,0.00,0.00,0.00,315.12,315.12
exponential,α=0.2970,2.0223,0.00,0.00,0.00,315.12,315.12
exponential,α=0.2980,2.0251,0.00,0.00,0.00,315.12,315.12
exponential,α=0.2990,2.0280,0.00,0.00,0.00,315.12,315.12
exponential,α=0.3000,2.0308,0.00,0.00,0.00,315.12,315.12
exponential,α=0.3010,2.0336,0.00,0.00,0.00,315.12,315.12
exponential,α=0.3020,2.0364,0.00,0.00,0.00,315.12,315.12
exponential,α=0.3030,2.0392,0.00,0.00,0.00,315.12,315.12
exponential,α=0.3040,2.0420,0.00,0.00,0.00,315.12,315.12
exponential,α=0.3050,2.0448,0.00,0.00,0.00,315.12,315.12
exponential,α=0.3060,2.0477,0.00,0.00,0.00,315.12,315.12
exponential,α=0.3070,2.0505,0.00,0.00,0.00,315.12,315.12
exponential,α=0.3080,2.0533,0.00,0.00,0.00,315.12,315.12
exponential,α=0.3090,2.0561,0.00,0.00,0.00,315.12,315.12
exponential,α=0.3100,2.0590,0.00,0.00,0.00,315.12,315.12
exponential,α=0.3110,2.0618,0.00,0.00,0.00,315.12,315.12
exponential,α=0.3120,2.0646,0.00,0.00,0.00,315.12,315.12
exponential,α=0.3130,2.0675,0.00,0.00,0.00,315.12,315.12
exponential,α=0.3140,2.0703,0.00,0.00,0.00,315.12,315.12
exponential,α=0.3150,2.0731,0.00,0.00,0.00,315.12,315.12
exponential,α=0.3160,2.0760,0.00,0.00,0.00,315.12,315.12
exponential,α=0.3170,2.0788,0.00,0.00,0.00,315.12,315.12
exponential,α=0.3180,2.0817,0.00,0.00,0.00,315.12,315.12
exponential,α=0.3190,2.0845,0.00,0.00,0.00,315.12,315.12
exponential,α=0.3200,2.0874,0.00,0.00,0.00,315.12,315.12
exponential,α=0.3210,2.0902,0.00,0.00,0.00,315.12,315.12
exponential,α=0.3220,2.0931,0.00,0.00,0.00,315.12,315.12
exponential,α=0.3230,2.0959,0.00,0.00,0.00,315.12,315.12
exponential,α=0.3240,2.0988,0.00,0.00,0.00,315.12,315.12
exponential,α=0.3250,2.1016,0.00,0.00,0.00,315.12,315.12
exponential,α=0.3260,2.1045,0.00,0.00,0.00,315.12,315.12
exponential,α=0.3270,2.1073,0.00,0.00,0.00,315.12,315.12
exponential,α=0.3280,2.1102,0.00,0.00,0.00,315.12,315.12
exponential,α=0.3290,2.1131,0.00,0.00,0.00,315.12,315.12
exponential,α=0.3300,2.1159,0.00,0.00,0.00,315.12,315.12
exponential,α=0.3310,2.1188,0.00,0.00,0.00,315.12,315.12
exponential,α=0.3320,2.1217,0.00,0.00,0.00,315.12,315.12
exponential,α=0.3330,2.1245,0.00,0.00,0.00,315.12,315.12
exponential,α=0.3340,2.1274,0.00,0.00,0.00,315.12,315.12
exponential,α=0.3350,2.1303,0.00,0.00,0.00,315.12,315.12
exponential,α=0.3360,2.1332,0.00,0.00,0.00,315.12,315.12
exponential,α=0.3370,2.1360,0.00,0.00,0.00,315.12,315.12
exponential,α=0.3380,2.1389,0.00,0.00,0.00,315.12,315.12
exponential,α=0.3390,2.1418,0.00,0.00,0.00,315.12,315.12
exponential,α=0.3400,2.1447,0.00,0.00,0.00,315.12,315.12
exponential,α=0.3410,2.1475,0.00,0.00,0.00,315.12,315.12
exponential,α=0.3420,2.1504,0.00,0.00,0.00,315.12,315.12
exponential,α=0.3430,2.1533,0.00,0.00,0.00,315.12,315.12
exponential,α=0.3440,2.1562,0.00,0.00,0.00,315.12,315.12
exponential,α=0.3450,2.1591,0.00,0.00,0.00,315.12,315.12
exponential,α=0.3460,2.1620,0.00,0.00,0.00,315.12,315.12
exponential,α=0.3470,2.1649,0.00,0.00,0.00,315.12,315.12
exponential,α=0.3480,2.1678,0.00,0.00,0.00,315.12,315.12
exponential,α=0.3490,2.1707,0.00,0.00,0.00,315.12,315.12
exponential,α=0.3500,2.1736,0.00,0.00,0.00,315.12,315.12
exponential,α=0.3510,2.1765,0.00,0.00,0.00,315.12,315.12
exponential,α=0.3520,2.1794,0.00,0.00,0.00,315.12,315.12
exponential,α=0.3530,2.1823,0.00,0.00,0.00,315.12,315.12
exponential,α=0.3540,2.1852,0.00,0.00,0.00,315.12,315.12
exponential,α=0.3550,2.1881,0.00,0.00,0.00,315.12,315.12
exponential,α=0.3560,2.1910,0.00,0.00,0.00,315.12,315.12
exponential,α=0.3570,2.1939,0.00,0.00,0.00,315.12,315.12
exponential,α=0.3580,2.1968,0.00,0.00,0.00,315.12,315.12
exponential,α=0.3590,2.1997,0.00,0.00,0.00,315.12,315.12
exponential,α=0.3600,2.2026,0.00,0.00,0.00,315.12,315.12
exponential,α=0.3610,2.2055,0.00,0.00,0.00,315.12,315.12
exponential,α=0.3620,2.2084,0.00,0.00,0.00,315.12,315.12
exponential,α=0.3630,2.2113,0.00,0.00,0.00,315.12,315.12
exponential,α=0.3640,2.2143,0.00,0.00,0.00,315.12,315.12
exponential,α=0.3650,2.2172,0.00,0.00,0.00,315.12,315.12
exponential,α=0.3660,2.2201,0.00,0.00,0.00,315.12,315.12
exponential,α=0.3670,2.2230,0.00,0.00,0.00,315.12,315.12
exponential,α=0.3680,2.2259,0.00,0.00,0.00,315.12,315.12
exponential,α=0.3690,2.2289,0.00,0.00,0.00,315.12,315.12
exponential,α=0.3700,2.2318,0.00,0.00,0.00,315.12,315.12
exponential,α=0.3710,2.2347,0.00,0.00,0.00,315.12,315.12
exponential,α=0.3720,2.2376,0.00,0.00,0.00,315.12,315.12
exponential,α=0.3730,2.2406,0.00,0.00,0.00,315.12,315.12
exponential,α=0.3740,2.2435,0.00,0.00,0.00,315.12,315.12
exponential,α=0.3750,2.2464,0.00,0.00,0.00,315.12,315.12
exponential,α=0.3760,2.2494,0.00,0.00,0.00,315.12,315.12
exponential,α=0.3770,2.2523,0.00,0.00,0.00,315.12,315.12
exponential,α=0.3780,2.2552,0.00,0.00,0.00,315.12,315.12
exponential,α=0.3790,2.2582,0.00,0.00,0.00,315.12,315.12
exponential,α=0.3800,2.2611,0.00,0.00,0.00,315.12,315.12
exponential,α=0.3810,2.2641,0.00,0.00,0.00,315.12,315.12
exponential,α=0.3820,2.2670,0.00,0.00,0.00,315.12,315.12
exponential,α=0.3830,2.2699,0.00,0.00,0.00,315.12,315.12
exponential,α=0.3840,2.2729,0.00,0.00,0.00,315.12,315.12
exponential,α=0.3850,2.2758,0.00,0.00,0.00,315.12,315.12
exponential,α=0.3860,2.2788,0.00,0.00,0.00,315.12,315.12
exponential,α=0.3870,2.2817,0.00,0.00,0.00,315.12,315.12
exponential,α=0.3880,2.2847,0.00,0.00,0.00,315.12,315.12
exponential,α=0.3890,2.2876,0.00,0.00,0.00,315.12,315.12
exponential,α=0.3900,2.2906,0.00,0.00,0.00,315.12,315.12
exponential,α=0.3910,2.2935,0.00,0.00,0.00,315.12,315.12
exponential,α=0.3920,2.2965,0.00,0.00,0.00,315.12,315.12
exponential,α=0.3930,2.2995,0.00,0.00,0.00,315.12,315.12
exponential,α=0.3940,2.3024,0.00,0.00,0.00,315.12,315.12
exponential,α=0.3950,2.3054,0.00,0.00,0.00,315.12,315.12
exponential,α=0.3960,2.3083,0.00,0.00,0.00,315.12,315.12
exponential,α=0.3970,2.3113,0.00,0.00,0.00,315.12,315.12
exponential,α=0.3980,2.3143,0.00,0.00,0.00,315.12,315.12
exponential,α=0.3990,2.3172,0.00,0.00,0.00,315.12,315.12
exponential,α=0.4000,2.3202,0.00,0.00,0.00,315.12,315.12
exponential,α=0.4010,2.3232,0.00,0.00,0.00,315.12,315.12
exponential,α=0.4020,2.3261,0.00,0.00,0.00,315.12,315.12
exponential,α=0.4030,2.3291,0.00,0.00,0.00,315.12,315.12
exponential,α=0.4040,2.3321,0.00,0.00,0.00,315.12,315.12
exponential,α=0.4050,2.3350,0.00,0.00,0.00,315.12,315.12
exponential,α=0.4060,2.3380,0.00,0.00,0.00,315.12,315.12
exponential,α=0.4070,2.3410,0.00,0.00,0.00,315.12,315.12
exponential,α=0.4080,2.3440,0.00,0.00,0.00,315.12,315.12
exponential,α=0.4090,2.3469,0.00,0.00,0.00,315.12,315.12
exponential,α=0.4100,2.3499,0.00,0.00,0.00,315.12,315.12
exponential,α=0.4110,2.3529,0.00,0.00,0.00,315.12,315.12
exponential,α=0.4120,2.3559,0.00,0.00,0.00,315.12,315.12
exponential,α=0.4130,2.3589,0.00,0.00,0.00,315.12,315.12
exponential,α=0.4140,2.3618,0.00,0.00,0.00,315.12,315.12
exponential,α=0.4150,2.3648,0.00,0.00,0.00,315.12,315.12
exponential,α=0.4160,2.3678,0.00,0.00,0.00,315.12,315.12
exponential,α=0.4170,2.3708,0.00,0.00,0.00,315.12,315.12
exponential,α=0.4180,2.3738,0.00,0.00,0.00,315.12,315.12
exponential,α=0.4190,2.3768,0.00,0.00,0.00,315.12,315.12
exponential,α=0.4200,2.3798,0.00,0.00,0.00,315.12,315.12
exponential,α=0.4210,2.3828,0.00,0.00,0.00,315.12,315.12
exponential,α=0.4220,2.3858,0.00,0.00,0.00,315.12,315.12
exponential,α=0.4230,2.3888,0.00,0.00,0.00,315.12,315.12
exponential,α=0.4240,2.3918,0.00,0.00,0.00,315.12,315.12
exponential,α=0.4250,2.3948,0.00,0.00,0.00,315.12,315.12
exponential,α=0.4260,2.3978,0.00,0.00,0.00,315.12,315.12
exponential,α=0.4270,2.4008,0.00,0.00,0.00,315.12,315.12
exponential,α=0.4280,2.4038,0.00,0.00,0.00,315.12,315.12
exponential,α=0.4290,2.4068,0.00,0.00,0.00,315.12,315.12
exponential,α=0.4300,2.4098,0.00,0.00,0.00,315.12,315.12
exponential,α=0.4310,2.4128,0.00,0.00,0.00,315.12,315.12
exponential,α=0.4320,2.4158,0.00,0.00,0.00,315.12,315.12
exponential,α=0.4330,2.4188,0.00,0.00,0.00,315.12,315.12
exponential,α=0.4340,2.4218,0.00,0.00,0.00,315.12,315.12
exponential,α=0.4350,2.4248,0.00,0.00,0.00,315.12,315.12
exponential,α=0.4360,2.4278,0.00,0.00,0.00,315.12,315.12
exponential,α=0.4370,2.4308,0.00,0.00,0.00,315.12,315.12
exponential,α=0.4380,2.4338,0.00,0.00,0.00,315.12,315.12
exponential,α=0.4390,2.4369,0.00,0.00,0.00,315.12,315.12
exponential,α=0.4400,2.4399,0.00,0.00,0.00,315.12,315.12
exponential,α=0.4410,2.4429,0.00,0.00,0.00,315.12,315.12
exponential,α=0.4420,2.4459,0.00,0.00,0.00,315.12,315.12
exponential,α=0.4430,2.4489,0.00,0.00,0.00,315.12,315.12
exponential,α=0.4440,2.4520,0.00,0.00,0.00,315.12,315.12
exponential,α=0.4450,2.4550,0.00,0.00,0.00,315.12,315.12
exponential,α=0.4460,2.4580,0.00,0.00,0.00,315.12,315.12
exponential,α=0.4470,2.4610,0.00,0.00,0.00,315.12,315.12
exponential,α=0.4480,2.4641,0.00,0.00,0.00,315.12,315.12
exponential,α=0.4490,2.4671,0.00,0.00,0.00,315.12,315.12
exponential,α=0.4500,2.4701,0.00,0.00,0.00,315.12,315.12
exponential,α=0.4510,2.4732,0.00,0.00,0.00,315.12,315.12
exponential,α=0.4520,2.4762,0.00,0.00,0.00,315.12,315.12
exponential,α=0.4530,2.4792,0.00,0.00,0.00,315.12,315.12
exponential,α=0.4540,2.4823,0.00,0.00,0.00,315.12,315.12
exponential,α=0.4550,2.4853,0.00,0.00,0.00,315.12,315.12
exponential,α=0.4560,2.4883,0.00,0.00,0.00,315.12,315.12
exponential,α=0.4570,2.4914,0.00,0.00,0.00,315.12,315.12
exponential,α=0.4580,2.4944,0.00,0.00,0.00,315.12,315.12
exponential,α=0.4590,2.4974,0.00,0.00,0.00,315.12,315.12
exponential,α=0.4600,2.5005,0.00,0.00,0.00,315.12,315.12
exponential,α=0.4610,2.5035,0.00,0.00,0.00,315.12,315.12
exponential,α=0.4620,2.5066,0.00,0.00,0.00,315.12,315.12
exponential,α=0.4630,2.5096,0.00,0.00,0.00,315.12,315.12
exponential,α=0.4640,2.5127,0.00,0.00,0.00,315.12,315.12
exponential,α=0.4650,2.5157,0.00,0.00,0.00,315.12,315.12
exponential,α=0.4660,2.5188,0.00,0.00,0.00,315.12,315.12
exponential,α=0.4670,2.5218,0.00,0.00,0.00,315.12,315.12
exponential,α=0.4680,2.5249,0.00,0.00,0.00,315.12,315.12
exponential,α=0.4690,2.5279,0.00,0.00,0.00,315.12,315.12
exponential,α=0.4700,2.5310,0.00,0.00,0.00,315.12,315.12
exponential,α=0.4710,2.5340,0.00,0.00,0.00,315.12,315.12
exponential,α=0.4720,2.5371,0.00,0.00,0.00,315.12,315.12
exponential,α=0.4730,2.5402,0.00,0.00,0.00,315.12,315.12
exponential,α=0.4740,2.5432,0.00,0.00,0.00,315.12,315.12
exponential,α=0.4750,2.5463,0.00,0.00,0.00,315.12,315.12
exponential,α=0.4760,2.5493,0.00,0.00,0.00,315.12,315.12
exponential,α=0.4770,2.5524,0.00,0.00,0.00,315.12,315.12
exponential,α=0.4780,2.5555,0.00,0.00,0.00,315.12,315.12
exponential,α=0.4790,2.5585,0.00,0.00,0.00,315.12,315.12
exponential,α=0.4800,2.5616,0.00,0.00,0.00,315.12,315.12
exponential,α=0.4810,2.5647,0.00,0.00,0.00,315.12,315.12
exponential,α=0.4820,2.5677,0.00,0.00,0.00,315.12,315.12
exponential,α=0.4830,2.5708,0.00,0.00,0.00,315.12,315.12
exponential,α=0.4840,2.5739,0.00,0.00,0.00,315.12,315.12
exponential,α=0.4850,2.5770,0.00,0.00,0.00,315.12,315.12
exponential,α=0.4860,2.5800,0.00,0.00,0.00,315.12,315.12
exponential,α=0.4870,2.5831,0.00,0.00,0.00,315.12,315.12
exponential,α=0.4880,2.5862,0.00,0.00,0.00,315.12,315.12
exponential,α=0.4890,2.5893,0.00,0.00,0.00,315.12,315.12
exponential,α=0.4900,2.5923,0.00,0.00,0.00,315.12,315.12
exponential,α=0.4910,2.5954,0.00,0.00,0.00,315.12,315.12
exponential,α=0.4920,2.5985,0.00,0.00,0.00,315.12,315.12
exponential,α=0.4930,2.6016,0.00,0.00,0.00,315.12,315.12
exponential,α=0.4940,2.6047,0.00,0.00,0.00,315.12,315.12
exponential,α=0.4950,2.6078,0.00,0.00,0.00,315.12,315.12
exponential,α=0.4960,2.6109,0.00,0.00,0.00,315.12,315.12
exponential,α=0.4970,2.6139,0.00,0.00,0.00,315.12,315.12
exponential,α=0.4980,2.6170,0.00,0.00,0.00,315.12,315.12
exponential,α=0.4990,2.6201,0.00,0.00,0.00,315.12,315.12
exponential,α=0.5000,2.6232,0.00,0.00,0.00,315.12,315.12
exponential,α=0.5010,2.6263,0.00,0.00,0.00,315.12,315.12
exponential,α=0.5020,2.6294,0.00,0.00,0.00,315.12,315.12
exponential,α=0.5030,2.6325,0.00,0.00,0.00,315.12,315.12
exponential,α=0.5040,2.6356,0.00,0.00,0.00,315.12,315.12
exponential,α=0.5050,2.6387,0.00,0.00,0.00,315.12,315.12
exponential,α=0.5060,2.6418,0.00,0.00,0.00,315.12,315.12
exponential,α=0.5070,2.6449,0.00,0.00,0.00,315.12,315.12
exponential,α=0.5080,2.6480,0.00,0.00,0.00,315.12,315.12
exponential,α=0.5090,2.6511,0.00,0.00,0.00,315.12,315.12
exponential,α=0.5100,2.6542,0.00,0.00,0.00,315.12,315.12
exponential,α=0.5110,2.6573,0.00,0.00,0.00,315.12,315.12
exponential,α=0.5120,2.6604,0.00,0.00,0.00,315.12,315.12
exponential,α=0.5130,2.6635,0.00,0.00,0.00,315.12,315.12
exponential,α=0.5140,2.6667,0.00,0.00,0.00,315.12,315.12
exponential,α=0.5150,2.6698,0.00,0.00,0.00,315.12,315.12
exponential,α=0.5160,2.6729,0.00,0.00,0.00,315.12,315.12
exponential,α=0.5170,2.6760,0.00,0.00,0.00,315.12,315.12
exponential,α=0.5180,2.6791,0.00,0.00,0.00,315.12,315.12
exponential,α=0.5190,2.6822,0.00,0.00,0.00,315.12,315.12
exponential,α=0.5200,2.6854,0.00,0.00,0.00,315.12,315.12
exponential,α=0.5210,2.6885,0.00,0.00,0.00,315.12,315.12
exponential,α=0.5220,2.6916,0.00,0.00,0.00,315.12,315.12
exponential,α=0.5230,2.6947,0.00,0.00,0.00,315.12,315.12
exponential,α=0.5240,2.6978,0.00,0.00,0.00,315.12,315.12
exponential,α=0.5250,2.7010,0.00,0.00,0.00,315.12,315.12
exponential,α=0.5260,2.7041,0.00,0.00,0.00,315.12,315.12
exponential,α=0.5270,2.7072,0.00,0.00,0.00,315.12,315.12
exponential,α=0.5280,2.7104,0.00,0.00,0.00,315.12,315.12
exponential,α=0.5290,2.7135,0.00,0.00,0.00,315.12,315.12
exponential,α=0.5300,2.7166,0.00,0.00,0.00,315.12,315.12
exponential,α=0.5310,2.7198,0.00,0.00,0.00,315.12,315.12
exponential,α=0.5320,2.7229,0.00,0.00,0.00,315.12,315.12
exponential,α=0.5330,2.7260,0.00,0.00,0.00,315.12,315.12
exponential,α=0.5340,2.7292,0.00,0.00,0.00,315.12,315.12
exponential,α=0.5350,2.7323,0.00,0.00,0.00,315.12,315.12
exponential,α=0.5360,2.7354,0.00,0.00,0.00,315.12,315.12
exponential,α=0.5370,2.7386,0.00,0.00,0.00,315.12,315.12
exponential,α=0.5380,2.7417,0.00,0.00,0.00,315.12,315.12
exponential,α=0.5390,2.7449,0.00,0.00,0.00,315.12,315.12
exponential,α=0.5400,2.7480,0.00,0.00,0.00,315.12,315.12
exponential,α=0.5410,2.7512,0.00,0.00,0.00,315.12,315.12
exponential,α=0.5420,2.7543,0.00,0.00,0.00,315.12,315.12
exponential,α=0.5430,2.7575,0.00,0.00,0.00,315.12,315.12
exponential,α=0.5440,2.7606,0.00,0.00,0.00,315.12,315.12
exponential,α=0.5450,2.7638,0.00,0.00,0.00,315.12,315.12
exponential,α=0.5460,2.7669,0.00,0.00,0.00,315.12,315.12
exponential,α=0.5470,2.7701,0.00,0.00,0.00,315.12,315.12
exponential,α=0.5480,2.7732,0.00,0.00,0.00,315.12,315.12
exponential,α=0.5490,2.7764,0.00,0.00,0.00,315.12,315.12
exponential,α=0.5500,2.7796,0.00,0.00,0.00,315.12,315.12
exponential,α=0.5510,2.7827,0.00,0.00,0.00,315.12,315.12
exponential,α=0.5520,2.7859,0.00,0.00,0.00,315.12,315.12
exponential,α=0.5530,2.7890,0.00,0.00,0.00,315.12,315.12
exponential,α=0.5540,2.7922,0.00,0.00,0.00,315.12,315.12
exponential,α=0.5550,2.7954,0.00,0.00,0.00,315.12,315.12
exponential,α=0.5560,2.7985,0.00,0.00,0.00,315.12,315.12
exponential,α=0.5570,2.8017,0.00,0.00,0.00,315.12,315.12
exponential,α=0.5580,2.8049,0.00,0.00,0.00,315.12,315.12
exponential,α=0.5590,2.8081,0.00,0.00,0.00,315.12,315.12
exponential,α=0.5600,2.8112,0.00,0.00,0.00,315.12,315.12
exponential,α=0.5610,2.8144,0.00,0.00,0.00,315.12,315.12
exponential,α=0.5620,2.8176,0.00,0.00,0.00,315.12,315.12
exponential,α=0.5630,2.8208,0.00,0.00,0.00,315.12,315.12
exponential,α=0.5640,2.8239,0.00,0.00,0.00,315.12,315.12
exponential,α=0.5650,2.8271,0.00,0.00,0.00,315.12,315.12
exponential,α=0.5660,2.8303,0.00,0.00,0.00,315.12,315.12
exponential,α=0.5670,2.8335,0.00,0.00,0.00,315.12,315.12
exponential,α=0.5680,2.8367,0.00,0.00,0.00,315.12,315.12
exponential,α=0.5690,2.8399,0.00,0.00,0.00,315.12,315.12
exponential,α=0.5700,2.8431,0.00,0.00,0.00,315.12,315.12
exponential,α=0.5710,2.8462,0.00,0.00,0.00,315.12,315.12
exponential,α=0.5720,2.8494,0.00,0.00,0.00,315.12,315.12
exponential,α=0.5730,2.8526,0.00,0.00,0.00,315.12,315.12
exponential,α=0.5740,2.8558,0.00,0.00,0.00,315.12,315.12
exponential,α=0.5750,2.8590,0.00,0.00,0.00,315.12,315.12
exponential,α=0.5760,2.8622,0.00,0.00,0.00,315.12,315.12
exponential,α=0.5770,2.8654,0.00,0.00,0.00,315.12,315.12
exponential,α=0.5780,2.8686,0.00,0.00,0.00,315.12,315.12
exponential,α=0.5790,2.8718,0.00,0.00,0.00,315.12,315.12
exponential,α=0.5800,2.8750,0.00,0.00,0.00,315.12,315.12
exponential,α=0.5810,2.8782,0.00,0.00,0.00,315.12,315.12
exponential,α=0.5820,2.8814,0.00,0.00,0.00,315.12,315.12
exponential,α=0.5830,2.8846,0.00,0.00,0.00,315.12,315.12
exponential,α=0.5840,2.8878,0.00,0.00,0.00,315.12,315.12
exponential,α=0.5850,2.8911,0.00,0.00,0.00,315.12,315.12
exponential,α=0.5860,2.8943,0.00,0.00,0.00,315.12,315.12
exponential,α=0.5870,2.8975,0.00,0.00,0.00,315.12,315.12
exponential,α=0.5880,2.9007,0.00,0.00,0.00,315.12,315.12
exponential,α=0.5890,2.9039,0.00,0.00,0.00,315.12,315.12
exponential,α=0.5900,2.9071,0.00,0.00,0.00,315.12,315.12
exponential,α=0.5910,2.9103,0.00,0.00,0.00,315.12,315.12
exponential,α=0.5920,2.9136,0.00,0.00,0.00,315.12,315.12
exponential,α=0.5930,2.9168,0.00,0.00,0.00,315.12,315.12
exponential,α=0.5940,2.9200,0.00,0.00,0.00,315.12,315.12
exponential,α=0.5950,2.9232,0.00,0.00,0.00,315.12,315.12
exponential,α=0.5960,2.9265,0.00,0.00,0.00,315.12,315.12
exponential,α=0.5970,2.9297,0.00,0.00,0.00,315.12,315.12
exponential,α=0.5980,2.9329,0.00,0.00,0.00,315.12,315.12
exponential,α=0.5990,2.9362,0.00,0.00,0.00,315.12,315.12
exponential,α=0.6000,2.9394,0.00,0.00,0.00,315.12,315.12
exponential,α=0.6010,2.9426,0.00,0.00,0.00,315.12,315.12
exponential,α=0.6020,2.9459,0.00,0.00,0.00,315.12,315.12
exponential,α=0.6030,2.9491,0.00,0.00,0.00,315.12,315.12
exponential,α=0.6040,2.9523,0.00,0.00,0.00,315.12,315.12
exponential,α=0.6050,2.9556,0.00,0.00,0.00,315.12,315.12
exponential,α=0.6060,2.9588,0.00,0.00,0.00,315.12,315.12
exponential,α=0.6070,2.9621,0.00,0.00,0.00,315.12,315.12
exponential,α=0.6080,2.9653,0.00,0.00,0.00,315.12,315.12
exponential,α=0.6090,2.9686,0.00,0.00,0.00,315.12,315.12
exponential,α=0.6100,2.9718,0.00,0.00,0.00,315.12,315.12
exponential,α=0.6110,2.9751,0.00,0.00,0.00,315.12,315.12
exponential,α=0.6120,2.9783,0.00,0.00,0.00,315.12,315.12
exponential,α=0.6130,2.9816,0.00,0.00,0.00,315.12,315.12
exponential,α=0.6140,2.9848,0.00,0.00,0.00,315.12,315.12
exponential,α=0.6150,2.9881,0.00,0.00,0.00,315.12,315.12
exponential,α=0.6160,2.9913,0.00,0.00,0.00,315.12,315.12
exponential,α=0.6170,2.9946,0.00,0.00,0.00,315.12,315.12
exponential,α=0.6180,2.9978,0.00,0.00,0.00,315.12,315.12
exponential,α=0.6190,3.0011,0.00,0.00,0.00,315.12,315.12
exponential,α=0.6200,3.0044,0.00,0.00,0.00,315.12,315.12
exponential,α=0.6210,3.0076,0.00,0.00,0.00,315.12,315.12
exponential,α=0.6220,3.0109,0.00,0.00,0.00,315.12,315.12
exponential,α=0.6230,3.0142,0.00,0.00,0.00,315.12,315.12
exponential,α=0.6240,3.0174,0.00,0.00,0.00,315.12,315.12
exponential,α=0.6250,3.0207,0.00,0.00,0.00,315.12,315.12
exponential,α=0.6260,3.0240,0.00,0.00,0.00,315.12,315.12
exponential,α=0.6270,3.0273,0.00,0.00,0.00,315.12,315.12
exponential,α=0.6280,3.0305,0.00,0.00,0.00,315.12,315.12
exponential,α=0.6290,3.0338,0.00,0.00,0.00,315.12,315.12
exponential,α=0.6300,3.0371,0.00,0.00,0.00,315.12,315.12
exponential,α=0.6310,3.0404,0.00,0.00,0.00,315.12,315.12
exponential,α=0.6320,3.0437,0.00,0.00,0.00,315.12,315.12
exponential,α=0.6330,3.0470,0.00,0.00,0.00,315.12,315.12
exponential,α=0.6340,3.0502,0.00,0.00,0.00,315.12,315.12
exponential,α=0.6350,3.0535,0.00,0.00,0.00,315.12,315.12
exponential,α=0.6360,3.0568,0.00,0.00,0.00,315.12,315.12
exponential,α=0.6370,3.0601,0.00,0.00,0.00,315.12,315.12
exponential,α=0.6380,3.0634,0.00,0.00,0.00,315.12,315.12
exponential,α=0.6390,3.0667,0.00,0.00,0.00,315.12,315.12
exponential,α=0.6400,3.0700,0.00,0.00,0.00,315.12,315.12
exponential,α=0.6410,3.0733,0.00,0.00,0.00,315.12,315.12
exponential,α=0.6420,3.0766,0.00,0.00,0.00,315.12,315.12
exponential,α=0.6430,3.0799,0.00,0.00,0.00,315.12,315.12
exponential,α=0.6440,3.0832,0.00,0.00,0.00,315.12,315.12
exponential,α=0.6450,3.0865,0.00,0.00,0.00,315.12,315.12
exponential,α=0.6460,3.0898,0.00,0.00,0.00,315.12,315.12
exponential,α=0.6470,3.0931,0.00,0.00,0.00,315.12,315.12
exponential,α=0.6480,3.0964,0.00,0.00,0.00,315.12,315.12
exponential,α=0.6490,3.0998,0.00,0.00,0.00,315.12,315.12
exponential,α=0.6500,3.1031,0.00,0.00,0.00,315.12,315.12
exponential,α=0.6510,3.1064,0.00,0.00,0.00,315.12,315.12
exponential,α=0.6520,3.1097,0.00,0.00,0.00,315.12,315.12
exponential,α=0.6530,3.1130,0.00,0.00,0.00,315.12,315.12
exponential,α=0.6540,3.1163,0.00,0.00,0.00,315.12,315.12
exponential,α=0.6550,3.1197,0.00,0.00,0.00,315.12,315.12
exponential,α=0.6560,3.1230,0.00,0.00,0.00,315.12,315.12
exponential,α=0.6570,3.1263,0.00,0.00,0.00,315.12,315.12
exponential,α=0.6580,3.1296,0.00,0.00,0.00,315.12,315.12
exponential,α=0.6590,3.1330,0.00,0.00,0.00,315.12,315.12
exponential,α=0.6600,3.1363,0.00,0.00,0.00,315.12,315.12
exponential,α=0.6610,3.1396,0.00,0.00,0.00,315.12,315.12
exponential,α=0.6620,3.1430,0.00,0.00,0.00,315.12,315.12
exponential,α=0.6630,3.1463,0.00,0.00,0.00,315.12,315.12
exponential,α=0.6640,3.1497,0.00,0.00,0.00,315.12,315.12
exponential,α=0.6650,3.1530,0.00,0.00,0.00,315.12,315.12
exponential,α=0.6660,3.1563,0.00,0.00,0.00,315.12,315.12
exponential,α=0.6670,3.1597,0.00,0.00,0.00,315.12,315.12
exponential,α=0.6680,3.1630,0.00,0.00,0.00,315.12,315.12
exponential,α=0.6690,3.1664,0.00,0.00,0.00,315.12,315.12
exponential,α=0.6700,3.1697,0.00,0.00,0.00,315.12,315.12
exponential,α=0.6710,3.1731,0.00,0.00,0.00,315.12,315.12
exponential,α=0.6720,3.1764,0.00,0.00,0.00,315.12,315.12
exponential,α=0.6730,3.1798,0.00,0.00,0.00,315.12,315.12
exponential,α=0.6740,3.1831,0.00,0.00,0.00,315.12,315.12
exponential,α=0.6750,3.1865,0.00,0.00,0.00,315.12,315.12
exponential,α=0.6760,3.1899,0.00,0.00,0.00,315.12,315.12
exponential,α=0.6770,3.1932,0.00,0.00,0.00,315.12,315.12
exponential,α=0.6780,3.1966,0.00,0.00,0.00,315.12,315.12
exponential,α=0.6790,3.2000,0.00,0.00,0.00,315.12,315.12
exponential,α=0.6800,3.2033,0.00,0.00,0.00,315.12,315.12
exponential,α=0.6810,3.2067,0.00,0.00,0.00,315.12,315.12
exponential,α=0.6820,3.2101,0.00,0.00,0.00,315.12,315.12
exponential,α=0.6830,3.2134,0.00,0.00,0.00,315.12,315.12
exponential,α=0.6840,3.2168,0.00,0.00,0.00,315.12,315.12
exponential,α=0.6850,3.2202,0.00,0.00,0.00,315.12,315.12
exponential,α=0.6860,3.2236,0.00,0.00,0.00,315.12,315.12
exponential,α=0.6870,3.2270,0.00,0.00,0.00,315.12,315.12
exponential,α=0.6880,3.2303,0.00,0.00,0.00,315.12,315.12
exponential,α=0.6890,3.2337,0.00,0.00,0.00,315.12,315.12
exponential,α=0.6900,3.2371,0.00,0.00,0.00,315.12,315.12
exponential,α=0.6910,3.2405,0.00,0.00,0.00,315.12,315.12
exponential,α=0.6920,3.2439,0.00,0.00,0.00,315.12,315.12
exponential,α=0.6930,3.2473,0.00,0.00,0.00,315.12,315.12
exponential,α=0.6940,3.2507,0.00,0.00,0.00,315.12,315.12
exponential,α=0.6950,3.2541,0.00,0.00,0.00,315.12,315.12
exponential,α=0.6960,3.2575,0.00,0.00,0.00,315.12,315.12
exponential,α=0.6970,3.2609,0.00,0.00,0.00,315.12,315.12
exponential,α=0.6980,3.2643,0.00,0.00,0.00,315.12,315.12
exponential,α=0.6990,3.2677,0.00,0.00,0.00,315.12,315.12
exponential,α=0.7000,3.2711,0.00,0.00,0.00,315.12,315.12
exponential,α=0.7010,3.2745,0.00,0.00,0.00,315.12,315.12
exponential,α=0.7020,3.2779,0.00,0.00,0.00,315.12,315.12
exponential,α=0.7030,3.2813,0.00,0.00,0.00,315.12,315.12
exponential,α=0.7040,3.2847,0.00,0.00,0.00,315.12,315.12
exponential,α=0.7050,3.2882,0.00,0.00,0.00,315.12,315.12
exponential,α=0.7060,3.2916,0.00,0.00,0.00,315.12,315.12
exponential,α=0.7070,3.2950,0.00,0.00,0.00,315.12,315.12
exponential,α=0.7080,3.2984,0.00,0.00,0.00,315.12,315.12
exponential,α=0.7090,3.3018,0.00,0.00,0.00,315.12,315.12
exponential,α=0.7100,3.3053,0.00,0.00,0.00,315.12,315.12
exponential,α=0.7110,3.3087,0.00,0.00,0.00,315.12,315.12
exponential,α=0.7120,3.3121,0.00,0.00,0.00,315.12,315.12
exponential,α=0.7130,3.3156,0.00,0.00,0.00,315.12,315.12
exponential,α=0.7140,3.3190,0.00,0.00,0.00,315.12,315.12
exponential,α=0.7150,3.3224,0.00,0.00,0.00,315.12,315.12
exponential,α=0.7160,3.3259,0.00,0.00,0.00,315.12,315.12
exponential,α=0.7170,3.3293,0.00,0.00,0.00,315.12,315.12
exponential,α=0.7180,3.3327,0.00,0.00,0.00,315.12,315.12
exponential,α=0.7190,3.3362,0.00,0.00,0.00,315.12,315.12
exponential,α=0.7200,3.3396,0.00,0.00,0.00,315.12,315.12
exponential,α=0.7210,3.3431,0.00,0.00,0.00,315.12,315.12
exponential,α=0.7220,3.3465,0.00,0.00,0.00,315.12,315.12
exponential,α=0.7230,3.3500,0.00,0.00,0.00,315.12,315.12
exponential,α=0.7240,3.3534,0.00,0.00,0.00,315.12,315.12
exponential,α=0.7250,3.3569,0.00,0.00,0.00,315.12,315.12
exponential,α=0.7260,3.3604,0.00,0.00,0.00,315.12,315.12
exponential,α=0.7270,3.3638,0.00,0.00,0.00,315.12,315.12
exponential,α=0.7280,3.3673,0.00,0.00,0.00,315.12,315.12
exponential,α=0.7290,3.3708,0.00,0.00,0.00,315.12,315.12
exponential,α=0.7300,3.3742,0.00,0.00,0.00,315.12,315.12
exponential,α=0.7310,3.3777,0.00,0.00,0.00,315.12,315.12
exponential,α=0.7320,3.3812,0.00,0.00,0.00,315.12,315.12
exponential,α=0.7330,3.3846,0.00,0.00,0.00,315.12,315.12
exponential,α=0.7340,3.3881,0.00,0.00,0.00,315.12,315.12
exponential,α=0.7350,3.3916,0.00,0.00,0.00,315.12,315.12
exponential,α=0.7360,3.3951,0.00,0.00,0.00,315.12,315.12
exponential,α=0.7370,3.3986,0.00,0.00,0.00,315.12,315.12
exponential,α=0.7380,3.4020,0.00,0.00,0.00,315.12,315.12
exponential,α=0.7390,3.4055,0.00,0.00,0.00,315.12,315.12
exponential,α=0.7400,3.4090,0.00,0.00,0.00,315.12,315.12
exponential,α=0.7410,3.4125,0.00,0.00,0.00,315.12,315.12
exponential,α=0.7420,3.4160,0.00,0.00,0.00,315.12,315.12
exponential,α=0.7430,3.4195,0.00,0.00,0.00,315.12,315.12
exponential,α=0.7440,3.4230,0.00,0.00,0.00,315.12,315.12
exponential,α=0.7450,3.4265,0.00,0.00,0.00,315.12,315.12
exponential,α=0.7460,3.4300,0.00,0.00,0.00,315.12,315.12
exponential,α=0.7470,3.4335,0.00,0.00,0.00,315.12,315.12
exponential,α=0.7480,3.4370,0.00,0.00,0.00,315.12,315.12
exponential,α=0.7490,3.4405,0.00,0.00,0.00,315.12,315.12
exponential,α=0.7500,3.4440,0.00,0.00,0.00,315.12,315.12
exponential,α=0.7510,3.4475,0.00,0.00,0.00,315.12,315.12
exponential,α=0.7520,3.4511,0.00,0.00,0.00,315.12,315.12
exponential,α=0.7530,3.4546,0.00,0.00,0.00,315.12,315.12
exponential,α=0.7540,3.4581,0.00,0.00,0.00,315.12,315.12
exponential,α=0.7550,3.4616,0.00,0.00,0.00,315.12,315.12
exponential,α=0.7560,3.4651,0.00,0.00,0.00,315.12,315.12
exponential,α=0.7570,3.4687,0.00,0.00,0.00,315.12,315.12
exponential,α=0.7580,3.4722,0.00,0.00,0.00,315.12,315.12
exponential,α=0.7590,3.4757,0.00,0.00,0.00,315.12,315.12
exponential,α=0.7600,3.4793,0.00,0.00,0.00,315.12,315.12
exponential,α=0.7610,3.4828,0.00,0.00,0.00,315.12,315.12
exponential,α=0.7620,3.4863,0.00,0.00,0.00,315.12,315.12
exponential,α=0.7630,3.4899,0.00,0.00,0.00,315.12,315.12
exponential,α=0.7640,3.4934,0.00,0.00,0.00,315.12,315.12
exponential,α=0.7650,3.4970,0.00,0.00,0.00,315.12,315.12
exponential,α=0.7660,3.5005,0.00,0.00,0.00,315.12,315.12
exponential,α=0.7670,3.5041,0.00,0.00,0.00,315.12,315.12
exponential,α=0.7680,3.5076,0.00,0.00,0.00,315.12,315.12
exponential,α=0.7690,3.5112,0.00,0.00,0.00,315.12,315.12
exponential,α=0.7700,3.5147,0.00,0.00,0.00,315.12,315.12
exponential,α=0.7710,3.5183,0.00,0.00,0.00,315.12,315.12
exponential,α=0.7720,3.5219,0.00,0.00,0.00,315.12,315.12
exponential,α=0.7730,3.5254,0.00,0.00,0.00,315.12,315.12
exponential,α=0.7740,3.5290,0.00,0.00,0.00,315.12,315.12
exponential,α=0.7750,3.5326,0.00,0.00,0.00,315.12,315.12
exponential,α=0.7760,3.5361,0.00,0.00,0.00,315.12,315.12
exponential,α=0.7770,3.5397,0.00,0.00,0.00,315.12,315.12
exponential,α=0.7780,3.5433,0.00,0.00,0.00,315.12,315.12
exponential,α=0.7790,3.5469,0.00,0.00,0.00,315.12,315.12
exponential,α=0.7800,3.5505,0.00,0.00,0.00,315.12,315.12
exponential,α=0.7810,3.5540,0.00,0.00,0.00,315.12,315.12
exponential,α=0.7820,3.5576,0.00,0.00,0.00,315.12,315.12
exponential,α=0.7830,3.5612,0.00,0.00,0.00,315.12,315.12
exponential,α=0.7840,3.5648,0.00,0.00,0.00,315.12,315.12
exponential,α=0.7850,3.5684,0.00,0.00,0.00,315.12,315.12
exponential,α=0.7860,3.5720,0.00,0.00,0.00,315.12,315.12
exponential,α=0.7870,3.5756,0.00,0.00,0.00,315.12,315.12
exponential,α=0.7880,3.5792,0.00,0.00,0.00,315.12,315.12
exponential,α=0.7890,3.5828,0.00,0.00,0.00,315.12,315.12
exponential,α=0.7900,3.5864,0.00,0.00,0.00,315.12,315.12
exponential,α=0.7910,3.5900,0.00,0.00,0.00,315.12,315.12
exponential,α=0.7920,3.5936,0.00,0.00,0.00,315.12,315.12
exponential,α=0.7930,3.5972,0.00,0.00,0.00,315.12,315.12
exponential,α=0.7940,3.6009,0.00,0.00,0.00,315.12,315.12
exponential,α=0.7950,3.6045,0.00,0.00,0.00,315.12,315.12
exponential,α=0.7960,3.6081,0.00,0.00,0.00,315.12,315.12
exponential,α=0.7970,3.6117,0.00,0.00,0.00,315.12,315.12
exponential,α=0.7980,3.6153,0.00,0.00,0.00,315.12,315.12
exponential,α=0.7990,3.6190,0.00,0.00,0.00,315.12,315.12
exponential,α=0.8000,3.6226,0.00,0.00,0.00,315.12,315.12
exponential,α=0.8010,3.6262,0.00,0.00,0.00,315.12,315.12
exponential,α=0.8020,3.6299,0.00,0.00,0.00,315.12,315.12
exponential,α=0.8030,3.6335,0.00,0.00,0.00,315.12,315.12
exponential,α=0.8040,3.6372,0.00,0.00,0.00,315.12,315.12
exponential,α=0.8050,3.6408,0.00,0.00,0.00,315.12,315.12
exponential,α=0.8060,3.6445,0.00,0.00,0.00,315.12,315.12
exponential,α=0.8070,3.6481,0.00,0.00,0.00,315.12,315.12
exponential,α=0.8080,3.6518,0.00,0.00,0.00,315.12,315.12
exponential,α=0.8090,3.6554,0.00,0.00,0.00,315.12,315.12
exponential,α=0.8100,3.6591,0.00,0.00,0.00,315.12,315.12
exponential,α=0.8110,3.6627,0.00,0.00,0.00,315.12,315.12
exponential,α=0.8120,3.6664,0.00,0.00,0.00,315.12,315.12
exponential,α=0.8130,3.6701,0.00,0.00,0.00,315.12,315.12
exponential,α=0.8140,3.6737,0.00,0.00,0.00,315.12,315.12
exponential,α=0.8150,3.6774,0.00,0.00,0.00,315.12,315.12
exponential,α=0.8160,3.6811,0.00,0.00,0.00,315.12,315.12
exponential,α=0.8170,3.6848,0.00,0.00,0.00,315.12,315.12
exponential,α=0.8180,3.6884,0.00,0.00,0.00,315.12,315.12
exponential,α=0.8190,3.6921,0.00,0.00,0.00,315.12,315.12
exponential,α=0.8200,3.6958,0.00,0.00,0.00,315.12,315.12
exponential,α=0.8210,3.6995,0.00,0.00,0.00,315.12,315.12
exponential,α=0.8220,3.7032,0.00,0.00,0.00,315.12,315.12
exponential,α=0.8230,3.7069,0.00,0.00,0.00,315.12,315.12
exponential,α=0.8240,3.7106,0.00,0.00,0.00,315.12,315.12
exponential,α=0.8250,3.7143,0.00,0.00,0.00,315.12,315.12
exponential,α=0.8260,3.7180,0.00,0.00,0.00,315.12,315.12
exponential,α=0.8270,3.7217,0.00,0.00,0.00,315.12,315.12
exponential,α=0.8280,3.7254,0.00,0.00,0.00,315.12,315.12
exponential,α=0.8290,3.7291,0.00,0.00,0.00,315.12,315.12
exponential,α=0.8300,3.7328,0.00,0.00,0.00,315.12,315.12
exponential,α=0.8310,3.7365,0.00,0.00,0.00,315.12,315.12
exponential,α=0.8320,3.7402,0.00,0.00,0.00,315.12,315.12
exponential,α=0.8330,3.7440,0.00,0.00,0.00,315.12,315.12
exponential,α=0.8340,3.7477,0.00,0.00,0.00,315.12,315.12
exponential,α=0.8350,3.7514,0.00,0.00,0.00,315.12,315.12
exponential,α=0.8360,3.7551,0.00,0.00,0.00,315.12,315.12
exponential,α=0.8370,3.7589,0.00,0.00,0.00,315.12,315.12
exponential,α=0.8380,3.7626,0.00,0.00,0.00,315.12,315.12
exponential,α=0.8390,3.7663,0.00,0.00,0.00,315.12,315.12
exponential,α=0.8400,3.7701,0.00,0.00,0.00,315.12,315.12
exponential,α=0.8410,3.7738,0.00,0.00,0.00,315.12,315.12
exponential,α=0.8420,3.7776,0.00,0.00,0.00,315.12,315.12
exponential,α=0.8430,3.7813,0.00,0.00,0.00,315.12,315.12
exponential,α=0.8440,3.7851,0.00,0.00,0.00,315.12,315.12
exponential,α=0.8450,3.7888,0.00,0.00,0.00,315.12,315.12
exponential,α=0.8460,3.7926,0.00,0.00,0.00,315.12,315.12
exponential,α=0.8470,3.7964,0.00,0.00,0.00,315.12,315.12
exponential,α=0.8480,3.8001,0.00,0.00,0.00,315.12,315.12
exponential,α=0.8490,3.8039,0.00,0.00,0.00,315.12,315.12
exponential,α=0.8500,3.8077,0.00,0.00,0.00,315.12,315.12
exponential,α=0.8510,3.8114,0.00,0.00,0.00,315.12,315.12
exponential,α=0.8520,3.8152,0.00,0.00,0.00,315.12,315.12
exponential,α=0.8530,3.8190,0.00,0.00,0.00,315.12,315.12
exponential,α=0.8540,3.8228,0.00,0.00,0.00,315.12,315.12
exponential,α=0.8550,3.8265,0.00,0.00,0.00,315.12,315.12
exponential,α=0.8560,3.8303,0.00,0.00,0.00,315.12,315.12
exponential,α=0.8570,3.8341,0.00,0.00,0.00,315.12,315.12
exponential,α=0.8580,3.8379,0.00,0.00,0.00,315.12,315.12
exponential,α=0.8590,3.8417,0.00,0.00,0.00,315.12,315.12
exponential,α=0.8600,3.8455,0.00,0.00,0.00,315.12,315.12
exponential,α=0.8610,3.8493,0.00,0.00,0.00,315.12,315.12
exponential,α=0.8620,3.8531,0.00,0.00,0.00,315.12,315.12
exponential,α=0.8630,3.8569,0.00,0.00,0.00,315.12,315.12
exponential,α=0.8640,3.8608,0.00,0.00,0.00,315.12,315.12
exponential,α=0.8650,3.8646,0.00,0.00,0.00,315.12,315.12
exponential,α=0.8660,3.8684,0.00,0.00,0.00,315.12,315.12
exponential,α=0.8670,3.8722,0.00,0.00,0.00,315.12,315.12
exponential,α=0.8680,3.8760,0.00,0.00,0.00,315.12,315.12
exponential,α=0.8690,3.8799,0.00,0.00,0.00,315.12,315.12
exponential,α=0.8700,3.8837,0.00,0.00,0.00,315.12,315.12
exponential,α=0.8710,3.8875,0.00,0.00,0.00,315.12,315.12
exponential,α=0.8720,3.8914,0.00,0.00,0.00,315.12,315.12
exponential,α=0.8730,3.8952,0.00,0.00,0.00,315.12,315.12
exponential,α=0.8740,3.8991,0.00,0.00,0.00,315.12,315.12
exponential,α=0.8750,3.9029,0.00,0.00,0.00,315.12,315.12
exponential,α=0.8760,3.9067,0.00,0.00,0.00,315.12,315.12
exponential,α=0.8770,3.9106,0.00,0.00,0.00,315.12,315.12
exponential,α=0.8780,3.9145,0.00,0.00,0.00,315.12,315.12
exponential,α=0.8790,3.9183,0.00,0.00,0.00,315.12,315.12
exponential,α=0.8800,3.9222,0.00,0.00,0.00,315.12,315.12
exponential,α=0.8810,3.9260,0.00,0.00,0.00,315.12,315.12
exponential,α=0.8820,3.9299,0.00,0.00,0.00,315.12,315.12
exponential,α=0.8830,3.9338,0.00,0.00,0.00,315.12,315.12
exponential,α=0.8840,3.9377,0.00,0.00,0.00,315.12,315.12
exponential,α=0.8850,3.9415,0.00,0.00,0.00,315.12,315.12
exponential,α=0.8860,3.9454,0.00,0.00,0.00,315.12,315.12
exponential,α=0.8870,3.9493,0.00,0.00,0.00,315.12,315.12
exponential,α=0.8880,3.9532,0.00,0.00,0.00,315.12,315.12
exponential,α=0.8890,3.9571,0.00,0.00,0.00,315.12,315.12
exponential,α=0.8900,3.9610,0.00,0.00,0.00,315.12,315.12
exponential,α=0.8910,3.9649,0.00,0.00,0.00,315.12,315.12
exponential,α=0.8920,3.9688,0.00,0.00,0.00,315.12,315.12
exponential,α=0.8930,3.9727,0.00,0.00,0.00,315.12,315.12
exponential,α=0.8940,3.9766,0.00,0.00,0.00,315.12,315.12
exponential,α=0.8950,3.9805,0.00,0.00,0.00,315.12,315.12
exponential,α=0.8960,3.9844,0.00,0.00,0.00,315.12,315.12
exponential,α=0.8970,3.9884,0.00,0.00,0.00,315.12,315.12
exponential,α=0.8980,3.9923,0.00,0.00,0.00,315.12,315.12
exponential,α=0.8990,3.9962,0.00,0.00,0.00,315.12,315.12
exponential,α=0.9000,4.0001,0.00,0.00,0.00,315.12,315.12
exponential,α=0.9010,4.0041,0.00,0.00,0.00,315.12,315.12
exponential,α=0.9020,4.0080,0.00,0.00,0.00,315.12,315.12
exponential,α=0.9030,4.0119,0.00,0.00,0.00,315.12,315.12
exponential,α=0.9040,4.0159,0.00,0.00,0.00,315.12,315.12
exponential,α=0.9050,4.0198,0.00,0.00,0.00,315.12,315.12
exponential,α=0.9060,4.0238,0.00,0.00,0.00,315.12,315.12
exponential,α=0.9070,4.0277,0.00,0.00,0.00,315.12,315.12
exponential,α=0.9080,4.0317,0.00,0.00,0.00,315.12,315.12
exponential,α=0.9090,4.0357,0.00,0.00,0.00,315.12,315.12
exponential,α=0.9100,4.0396,0.00,0.00,0.00,315.12,315.12
exponential,α=0.9110,4.0436,0.00,0.00,0.00,315.12,315.12
exponential,α=0.9120,4.0476,0.00,0.00,0.00,315.12,315.12
exponential,α=0.9130,4.0515,0.00,0.00,0.00,315.12,315.12
exponential,α=0.9140,4.0555,0.00,0.00,0.00,315.12,315.12
exponential,α=0.9150,4.0595,0.00,0.00,0.00,315.12,315.12
exponential,α=0.9160,4.0635,0.00,0.00,0.00,315.12,315.12
exponential,α=0.9170,4.0675,0.00,0.00,0.00,315.12,315.12
exponential,α=0.9180,4.0715,0.00,0.00,0.00,315.12,315.12
exponential,α=0.9190,4.0755,0.00,0.00,0.00,315.12,315.12
exponential,α=0.9200,4.0795,0.00,0.00,0.00,315.12,315.12
exponential,α=0.9210,4.0835,0.00,0.00,0.00,315.12,315.12
exponential,α=0.9220,4.0875,0.00,0.00,0.00,315.12,315.12
exponential,α=0.9230,4.0915,0.00,0.00,0.00,315.12,315.12
exponential,α=0.9240,4.0955,0.00,0.00,0.00,315.12,315.12
exponential,α=0.9250,4.0995,0.00,0.00,0.00,315.12,315.12
exponential,α=0.9260,4.1035,0.00,0.00,0.00,315.12,315.12
exponential,α=0.9270,4.1076,0.00,0.00,0.00,315.12,315.12
exponential,α=0.9280,4.1116,0.00,0.00,0.00,315.12,315.12
exponential,α=0.9290,4.1156,0.00,0.00,0.00,315.12,315.12
exponential,α=0.9300,4.1197,0.00,0.00,0.00,315.12,315.12
exponential,α=0.9310,4.1237,0.00,0.00,0.00,315.12,315.12
exponential,α=0.9320,4.1277,0.00,0.00,0.00,315.12,315.12
exponential,α=0.9330,4.1318,0.00,0.00,0.00,315.12,315.12
exponential,α=0.9340,4.1358,0.00,0.00,0.00,315.12,315.12
exponential,α=0.9350,4.1399,0.00,0.00,0.00,315.12,315.12
exponential,α=0.9360,4.1440,0.00,0.00,0.00,315.12,315.12
exponential,α=0.9370,4.1480,0.00,0.00,0.00,315.12,315.12
exponential,α=0.9380,4.1521,0.00,0.00,0.00,315.12,315.12
exponential,α=0.9390,4.1562,0.00,0.00,0.00,315.12,315.12
exponential,α=0.9400,4.1602,0.00,0.00,0.00,315.12,315.12
exponential,α=0.9410,4.1643,0.00,0.00,0.00,315.12,315.12
exponential,α=0.9420,4.1684,0.00,0.00,0.00,315.12,315.12
exponential,α=0.9430,4.1725,0.00,0.00,0.00,315.12,315.12
exponential,α=0.9440,4.1766,0.00,0.00,0.00,315.12,315.12
exponential,α=0.9450,4.1807,0.00,0.00,0.00,315.12,315.12
exponential,α=0.9460,4.1848,0.00,0.00,0.00,315.12,315.12
exponential,α=0.9470,4.1889,0.00,0.00,0.00,315.12,315.12
exponential,α=0.9480,4.1930,0.00,0.00,0.00,315.12,315.12
exponential,α=0.9490,4.1971,0.00,0.00,0.00,315.12,315.12
exponential,α=0.9500,4.2012,0.00,0.00,0.00,315.12,315.12
exponential,α=0.9510,4.2053,0.00,0.00,0.00,315.12,315.12
exponential,α=0.9520,4.2094,0.00,0.00,0.00,315.12,315.12
exponential,α=0.9530,4.2136,0.00,0.00,0.00,315.12,315.12
exponential,α=0.9540,4.2177,0.00,0.00,0.00,315.12,315.12
exponential,α=0.9550,4.2218,0.00,0.00,0.00,315.12,315.12
exponential,α=0.9560,4.2260,0.00,0.00,0.00,315.12,315.12
exponential,α=0.9570,4.2301,0.00,0.00,0.00,315.12,315.12
exponential,α=0.9580,4.2342,0.00,0.00,0.00,315.12,315.12
exponential,α=0.9590,4.2384,0.00,0.00,0.00,315.12,315.12
exponential,α=0.9600,4.2426,0.00,0.00,0.00,315.12,315.12
exponential,α=0.9610,4.2467,0.00,0.00,0.00,315.12,315.12
exponential,α=0.9620,4.2509,0.00,0.00,0.00,315.12,315.12
exponential,α=0.9630,4.2550,0.00,0.00,0.00,315.12,315.12
exponential,α=0.9640,4.2592,0.00,0.00,0.00,315.12,315.12
exponential,α=0.9650,4.2634,0.00,0.00,0.00,315.12,315.12
exponential,α=0.9660,4.2676,0.00,0.00,0.00,315.12,315.12
exponential,α=0.9670,4.2717,0.00,0.00,0.00,315.12,315.12
exponential,α=0.9680,4.2759,0.00,0.00,0.00,315.12,315.12
exponential,α=0.9690,4.2801,0.00,0.00,0.00,315.12,315.12
exponential,α=0.9700,4.2843,0.00,0.00,0.00,315.12,315.12
exponential,α=0.9710,4.2885,0.00,0.00,0.00,315.12,315.12
exponential,α=0.9720,4.2927,0.00,0.00,0.00,315.12,315.12
exponential,α=0.9730,4.2969,0.00,0.00,0.00,315.12,315.12
exponential,α=0.9740,4.3011,0.00,0.00,0.00,315.12,315.12
exponential,α=0.9750,4.3054,0.00,0.00,0.00,315.12,315.12
exponential,α=0.9760,4.3096,0.00,0.00,0.00,315.12,315.12
exponential,α=0.9770,4.3138,0.00,0.00,0.00,315.12,315.12
exponential,α=0.9780,4.3180,0.00,0.00,0.00,315.12,315.12
exponential,α=0.9790,4.3223,0.00,0.00,0.00,315.12,315.12
exponential,α=0.9800,4.3265,0.00,0.00,0.00,315.12,315.12
exponential,α=0.9810,4.3307,0.00,0.00,0.00,315.12,315.12
exponential,α=0.9820,4.3350,0.00,0.00,0.00,315.12,315.12
exponential,α=0.9830,4.3392,0.00,0.00,0.00,315.12,315.12
exponential,α=0.9840,4.3435,0.00,0.00,0.00,315.12,315.12
exponential,α=0.9850,4.3477,0.00,0.00,0.00,315.12,315.12
exponential,α=0.9860,4.3520,0.00,0.00,0.00,315.12,315.12
exponential,α=0.9870,4.3563,0.00,0.00,0.00,315.12,315.12
exponential,α=0.9880,4.3606,0.00,0.00,0.00,315.12,315.12
exponential,α=0.9890,4.3648,0.00,0.00,0.00,315.12,315.12
exponential,α=0.9900,4.3691,0.00,0.00,0.00,315.12,315.12
exponential,α=0.9910,4.3734,0.00,0.00,0.00,315.12,315.12
exponential,α=0.9920,4.3777,0.00,0.00,0.00,315.12,315.12
exponential,α=0.9930,4.3820,0.00,0.00,0.00,315.12,315.12
exponential,α=0.9940,4.3863,0.00,0.00,0.00,315.12,315.12
exponential,α=0.9950,4.3906,0.00,0.00,0.00,315.12,315.12
exponential,α=0.9960,4.3949,0.00,0.00,0.00,315.12,315.12
exponential,α=0.9970,4.3992,0.00,0.00,0.00,315.12,315.12
exponential,α=0.9980,4.4035,0.00,0.00,0.00,315.12,315.12
exponential,α=0.9990,4.4078,0.00,0.00,0.00,315.12,315.12