GlobalTrialNumber,PairNumber,PairVariance,PairDescription,FilterPhase,FilterType,FilterRank,FilterVariance,FilterLatency,LayoutIndex,TrialInLayout,TargetSize,Amplitude,Direction,DirectionIndex,MovementTime,EntryBasedMT,TotalTime,EffectiveAmplitude,ActualAmplitude,StartX,StartY,EndpointX,EndpointY,LastEntryX,LastEntryY,SelectionX,SelectionY,TargetX,TargetY,ReEntryCount,PeakSpeed,TrialStartTime,MovementStartTime,MovementOnsetTime,MovementOffsetTime,FirstEntryTime,LastEntryTime,SelectionTime
1,1,3.2225200000000003,"Low SD (~3.2) - Interpolated",0,exponential,interp,3.2225,2405.71,0,0,27.419999999999998,228.5,0,0,3.9097,3.6602,5.6751,236.03,225.76,840.00,457.00,1075.91,464.40,1078.40,466.28,1065.67,463.42,1068.50,457.00,1,229.8,53102.20,53725.60,53725.60,57635.30,54992.90,57385.80,59400.70
2,1,3.2225200000000003,"Low SD (~3.2) - Interpolated",0,exponential,interp,3.2225,2405.71,0,1,27.419999999999998,228.5,180,1,5.4592,5.2261,7.2337,465.76,452.17,1068.50,457.00,602.78,462.86,605.12,468.81,616.34,460.57,840.00,457.00,1,476.3,59910.60,59925.90,59925.90,65385.10,62152.50,65152.00,67159.60
3,1,3.2225200000000003,"Low SD (~3.2) - Interpolated",0,exponential,interp,3.2225,2405.71,0,2,27.419999999999998,228.5,45,2,8.3093,8.1590,10.1755,425.53,432.52,611.50,457.00,1008.61,609.92,1008.09,606.53,1008.94,627.64,773.07,618.57,4,442.7,67661.10,68126.50,68126.50,76435.80,70026.70,76285.50,78302.00
4,1,3.2225200000000003,"Low SD (~3.2) - Interpolated",0,exponential,interp,3.2225,2405.71,0,3,27.419999999999998,228.5,225,3,3.9328,3.9328,5.9493,470.37,452.26,1001.57,618.57,668.68,286.26,668.68,286.26,678.69,301.90,840.00,457.00,1,428.4,78809.50,79193.50,79193.50,83126.30,81517.50,83126.30,85142.80
5,1,3.2225200000000003,"Low SD (~3.2) - Interpolated",0,exponential,interp,3.2225,2405.71,0,4,27.419999999999998,228.5,90,4,5.2901,5.1066,7.1150,432.34,432.55,678.43,295.43,848.35,692.98,848.44,696.06,850.78,692.15,678.43,523.93,1,343.8,85660.30,86195.30,86195.30,91485.40,88317.70,91301.90,93310.30
6,1,3.2225200000000003,"Low SD (~3.2) - Interpolated",0,exponential,interp,3.2225,2405.71,0,5,27.419999999999998,228.5,270,5,7.6686,7.1753,9.1762,462.67,465.92,840.00,685.50,840.56,222.83,844.82,241.13,841.16,219.58,840.00,457.00,2,409.7,93812.50,93826.40,93984.20,101652.80,98077.00,101001.70,103002.60
7,1,3.2225200000000003,"Low SD (~3.2) - Interpolated",0,exponential,interp,3.2225,2405.71,0,6,27.419999999999998,228.5,135,6,5.8002,5.8002,7.8090,432.47,413.15,840.00,228.50,683.00,631.46,683.00,631.46,674.78,607.18,678.43,390.07,1,548.8,103519.90,103643.20,103643.20,109443.40,107243.10,109443.40,111452.20
8,1,3.2225200000000003,"Low SD (~3.2) - Interpolated",0,exponential,interp,3.2225,2405.71,0,7,27.419999999999998,228.5,315,7,8.3590,8.1230,10.1312,455.99,457.89,678.43,618.57,996.90,292.23,1002.58,309.03,1000.62,293.22,840.00,457.00,2,429.6,111968.40,111970.70,112326.70,120685.70,115185.20,120093.70,122101.90
9,1,3.2225200000000003,"Low SD (~3.2) - Interpolated",0,exponential,interp,3.2225,2405.71,1,0,27.419999999999998,411.3,0,0,4.9170,5.1501,7.1579,424.26,403.83,840.00,457.00,1264.24,461.37,1264.24,461.37,1243.82,459.72,1251.30,457.00,0,2823.4,131776.40,132551.90,132785.00,137702.00,137702.00,137702.00,139709.80
10,1,3.2225200000000003,"Low SD (~3.2) - Interpolated",0,exponential,interp,3.2225,2405.71,1,1,27.419999999999998,411.3,180,1,6.0745,6.1327,8.1333,821.73,824.10,1251.30,457.00,429.68,470.47,429.68,470.47,427.21,461.41,840.00,457.00,0,2616.7,140219.10,140235.50,140293.70,146368.20,146368.20,146368.20,148368.80
11,1,3.2225200000000003,"Low SD (~3.2) - Interpolated",0,exponential,interp,3.2225,2405.71,1,2,27.419999999999998,411.3,45,2,4.1435,4.2666,6.2751,771.30,764.22,428.70,457.00,1138.30,759.27,1138.30,759.27,1133.06,753.51,719.53,747.83,1,6046.3,148885.30,149368.60,149491.70,153635.20,151943.40,153635.20,155643.70
12,1,3.2225200000000003,"Low SD (~3.2) - Interpolated",0,exponential,interp,3.2225,2405.71,1,3,27.419999999999998,411.3,225,3,5.4582,5.4582,7.4582,832.90,834.99,1130.83,747.83,548.33,152.51,548.33,152.51,540.54,157.28,840.00,457.00,0,2122.5,156152.10,156384.90,156384.90,161843.10,161843.10,161843.10,163843.10
13,1,3.2225200000000003,"Low SD (~3.2) - Interpolated",0,exponential,interp,3.2225,2405.71,1,4,27.419999999999998,411.3,90,4,6.9475,6.9475,8.9487,773.22,763.28,549.17,166.17,847.52,879.51,847.52,879.51,849.21,868.00,549.17,577.47,1,1462.6,164345.20,164985.70,164985.70,171933.20,169418.30,171933.20,173934.40
14,1,3.2225200000000003,"Low SD (~3.2) - Interpolated",0,exponential,interp,3.2225,2405.71,1,5,27.419999999999998,411.3,270,5,5.7672,5.7838,7.7842,809.37,813.67,840.00,868.30,841.71,58.93,841.71,58.93,847.45,54.67,840.00,457.00,0,3004.2,174452.80,174676.40,174693.00,180460.20,180460.20,180460.20,182460.60
15,1,3.2225200000000003,"Low SD (~3.2) - Interpolated",0,exponential,interp,3.2225,2405.71,1,6,27.419999999999998,411.3,135,6,6.2244,6.6412,8.6583,773.63,759.09,840.00,45.70,544.64,760.73,544.64,760.73,554.61,749.10,549.17,336.53,0,4151.9,182964.20,182980.50,183397.30,189621.70,189621.70,189621.70,191638.80
16,1,3.2225200000000003,"Low SD (~3.2) - Interpolated",0,exponential,interp,3.2225,2405.71,1,7,27.419999999999998,411.3,315,7,9.4704,9.5701,11.5789,809.75,827.69,549.17,747.83,1124.05,177.57,1124.05,177.57,1132.98,161.11,840.00,457.00,1,4065.2,192147.20,192380.50,192480.20,201950.60,200184.30,201950.60,203959.40
17,1,3.2225200000000003,"Low SD (~3.2) - Interpolated",0,exponential,interp,3.2225,2405.71,2,0,54.839999999999996,228.5,0,0,8.8416,9.0250,11.0418,254.49,217.81,840.00,457.00,1094.32,466.23,1094.32,466.23,1057.78,460.34,1068.50,457.00,3,1335.9,210818.00,211325.90,211509.30,220350.90,212784.40,220350.90,222367.70
18,1,3.2225200000000003,"Low SD (~3.2) - Interpolated",0,exponential,interp,3.2225,2405.71,2,1,54.839999999999996,228.5,180,1,3.8825,3.9164,5.9246,483.25,451.26,1068.50,457.00,585.30,463.78,585.30,463.78,617.25,455.93,840.00,457.00,1,2611.0,222884.70,223342.80,223376.70,227259.20,225377.20,227259.20,229267.40
19,1,3.2225200000000003,"Low SD (~3.2) - Interpolated",0,exponential,interp,3.2225,2405.71,2,2,54.839999999999996,228.5,45,2,3.4814,3.5483,5.5564,424.21,432.02,611.50,457.00,992.28,643.99,992.28,643.99,1005.13,635.05,773.07,618.57,0,5403.8,229769.10,230318.30,230385.20,233866.60,233866.60,233866.60,235874.70
20,1,3.2225200000000003,"Low SD (~3.2) - Interpolated",0,exponential,interp,3.2225,2405.71,2,3,54.839999999999996,228.5,225,3,6.8999,6.8999,8.9005,476.73,477.25,1001.57,618.57,678.33,268.17,678.33,268.17,676.87,268.81,840.00,457.00,3,4476.6,236376.90,236833.80,236833.80,243733.70,238042.60,243733.70,245734.30
21,1,3.2225200000000003,"Low SD (~3.2) - Interpolated",0,exponential,interp,3.2225,2405.71,2,4,54.839999999999996,228.5,90,4,8.3582,8.3584,10.3586,449.01,410.74,678.43,295.43,850.25,710.25,850.63,710.72,835.84,674.80,678.43,523.93,2,3167.2,246235.50,246575.50,246593.00,254951.20,249742.10,254933.90,256934.10
22,1,3.2225200000000003,"Low SD (~3.2) - Interpolated",0,exponential,interp,3.2225,2405.71,2,5,54.839999999999996,228.5,270,5,4.1816,4.4665,6.4745,464.01,449.06,840.00,685.50,866.64,222.26,866.64,222.26,834.43,236.48,840.00,457.00,1,3376.8,257451.30,257942.20,258227.10,262408.70,259684.30,262408.70,264416.70
23,1,3.2225200000000003,"Low SD (~3.2) - Interpolated",0,exponential,interp,3.2225,2405.71,2,6,54.839999999999996,228.5,135,6,7.1249,7.1249,9.1251,432.73,422.10,840.00,228.50,698.15,637.32,698.15,637.32,677.12,617.90,678.43,390.07,2,1937.4,264917.80,265250.60,265250.60,272375.50,267125.90,272375.50,274375.70
24,1,3.2225200000000003,"Low SD (~3.2) - Interpolated",0,exponential,interp,3.2225,2405.71,2,7,54.839999999999996,228.5,315,7,2.8252,2.9499,4.9583,433.84,478.44,678.43,618.57,994.80,321.73,994.80,321.73,1019.54,283.09,840.00,457.00,0,2740.5,274884.80,275400.50,275525.20,278350.40,278350.40,278350.40,280358.80
25,1,3.2225200000000003,"Low SD (~3.2) - Interpolated",0,exponential,interp,3.2225,2405.71,3,0,54.839999999999996,406.72999999999996,0,0,3.5495,3.6000,5.6003,383.60,415.50,840.00,457.00,1223.33,442.78,1223.33,442.78,1255.47,461.72,1246.73,457.00,0,2361.9,286808.40,287592.00,287642.50,291192.00,291192.00,291192.00,293192.30
26,1,3.2225200000000003,"Low SD (~3.2) - Interpolated",0,exponential,interp,3.2225,2405.71,3,1,54.839999999999996,406.72999999999996,180,1,7.6326,7.7156,9.7244,794.24,823.92,1246.73,457.00,452.69,474.77,453.55,475.43,422.81,454.47,840.00,457.00,2,3441.2,293701.40,294075.90,294192.10,301824.70,297733.80,301791.50,303800.30
27,1,3.2225200000000003,"Low SD (~3.2) - Interpolated",0,exponential,interp,3.2225,2405.71,3,2,54.839999999999996,406.72999999999996,45,2,3.6837,3.8500,5.8500,725.23,772.04,433.27,457.00,1104.26,732.20,1104.26,732.20,1144.67,756.95,720.87,744.60,0,1904.1,304318.20,304425.10,304591.40,308275.10,308275.10,308275.10,310275.10
28,1,3.2225200000000003,"Low SD (~3.2) - Interpolated",0,exponential,interp,3.2225,2405.71,3,3,54.839999999999996,406.72999999999996,225,3,5.2071,5.2918,7.2920,804.65,833.76,1127.60,744.60,577.10,157.73,577.10,157.73,536.90,156.18,840.00,457.00,0,3439.8,310784.60,311041.50,311126.20,316333.30,316333.30,316333.30,318333.50
29,1,3.2225200000000003,"Low SD (~3.2) - Interpolated",0,exponential,interp,3.2225,2405.71,3,4,54.839999999999996,406.72999999999996,90,4,4.7597,5.0905,7.0994,732.62,760.23,552.40,169.40,849.89,838.90,849.59,838.11,842.87,871.95,552.40,576.13,0,1957.4,318851.50,319192.70,319525.60,324285.30,324283.20,324283.20,326292.10
30,1,3.2225200000000003,"Low SD (~3.2) - Interpolated",0,exponential,interp,3.2225,2405.71,3,5,54.839999999999996,406.72999999999996,270,5,6.5252,6.5582,8.5590,840.62,806.60,840.00,863.73,841.42,23.11,841.42,23.11,848.50,57.17,840.00,457.00,1,2492.1,326809.40,327167.60,327200.60,333725.80,331000.90,333725.80,335726.60
31,1,3.2225200000000003,"Low SD (~3.2) - Interpolated",0,exponential,interp,3.2225,2405.71,3,6,54.839999999999996,406.72999999999996,135,6,4.1264,4.0924,6.0933,729.81,772.73,840.00,50.27,549.44,719.74,550.34,717.39,542.05,763.25,552.40,337.87,0,2159.9,336242.60,336550.20,336550.20,340676.60,340642.60,340642.60,342643.50
32,1,3.2225200000000003,"Low SD (~3.2) - Interpolated",0,exponential,interp,3.2225,2405.71,3,7,54.839999999999996,406.72999999999996,315,7,6.2320,6.2657,8.2660,838.78,799.00,552.40,744.60,1152.72,158.80,1152.72,158.80,1123.81,186.13,840.00,457.00,1,2172.5,343158.80,343658.60,343692.30,349924.30,347948.70,349924.30,351924.60
33,1,3.2225200000000003,"Low SD (~3.2) - Interpolated",0,exponential,interp,3.2225,2405.71,4,0,91.4,228.5,0,0,1.7081,1.7075,3.7159,185.29,200.54,840.00,457.00,1024.92,445.37,1024.44,445.17,1040.54,457.89,1068.50,457.00,0,1074.0,358224.70,359158.50,359158.50,360866.60,360866.00,360866.00,362874.40
34,1,3.2225200000000003,"Low SD (~3.2) - Interpolated",0,exponential,interp,3.2225,2405.71,4,1,91.4,228.5,180,1,2.0741,2.1238,4.1241,412.89,478.26,1068.50,457.00,655.61,457.13,655.61,457.13,591.41,490.39,840.00,457.00,0,1841.2,363384.20,363384.30,363434.00,365508.10,365508.10,365508.10,367508.40
35,1,3.2225200000000003,"Low SD (~3.2) - Interpolated",0,exponential,interp,3.2225,2405.71,4,2,91.4,228.5,45,2,9.3174,9.3980,11.4142,388.78,415.28,611.50,457.00,980.54,579.29,980.54,579.29,997.45,610.30,773.07,618.57,3,1730.2,368017.40,368052.20,368132.80,377450.20,370249.90,377450.20,379466.40
36,1,3.2225200000000003,"Low SD (~3.2) - Interpolated",0,exponential,interp,3.2225,2405.71,4,3,91.4,228.5,225,3,5.2677,5.2677,7.2687,499.49,454.27,1001.57,618.57,658.52,255.52,658.52,255.52,676.35,301.42,840.00,457.00,1,1930.0,379974.90,380106.60,380106.60,385374.30,382615.90,385374.30,387375.30
37,1,3.2225200000000003,"Low SD (~3.2) - Interpolated",0,exponential,interp,3.2225,2405.71,4,4,91.4,228.5,90,4,2.4104,2.4620,4.4707,467.32,465.97,678.43,295.43,864.07,724.29,864.07,724.29,868.57,720.83,678.43,523.93,1,5189.5,387882.80,388424.90,388476.50,390886.90,389836.30,390886.90,392895.60
38,1,3.2225200000000003,"Low SD (~3.2) - Interpolated",0,exponential,interp,3.2225,2405.71,4,5,91.4,228.5,270,5,11.7244,11.7245,13.7333,493.83,440.99,840.00,685.50,867.77,192.45,867.77,192.45,874.58,245.87,840.00,457.00,3,2771.8,393413.00,394187.10,394187.20,405911.60,396237.50,405911.60,407920.40
39,1,3.2225200000000003,"Low SD (~3.2) - Interpolated",0,exponential,interp,3.2225,2405.71,4,6,91.4,228.5,135,6,3.0619,3.0951,5.0955,467.67,432.18,840.00,228.50,656.87,658.82,656.87,658.82,659.34,621.10,678.43,390.07,1,2523.2,408429.30,408537.30,408570.50,411632.40,410441.30,411632.40,413632.80
40,1,3.2225200000000003,"Low SD (~3.2) - Interpolated",0,exponential,interp,3.2225,2405.71,4,7,91.4,228.5,315,7,6.0246,6.0006,8.0146,457.61,438.69,678.43,618.57,1032.31,328.44,1032.77,328.60,1005.89,326.65,840.00,457.00,2,1405.6,414134.40,415379.60,415379.60,421404.20,417524.00,421380.20,423394.20
41,1,3.2225200000000003,"Low SD (~3.2) - Interpolated",0,exponential,interp,3.2225,2405.71,5,0,91.4,388.45,0,0,2.7331,2.7331,4.7413,352.42,383.16,840.00,457.00,1191.41,430.32,1191.41,430.32,1222.71,438.34,1228.45,457.00,0,1431.3,429420.30,430262.10,430262.10,432995.20,432995.20,432995.20,435003.40
42,1,3.2225200000000003,"Low SD (~3.2) - Interpolated",0,exponential,interp,3.2225,2405.71,5,1,91.4,388.45,180,1,3.1253,3.1429,5.1432,788.15,801.55,1228.45,457.00,441.55,412.54,441.55,412.54,427.02,470.73,840.00,457.00,0,3092.8,435521.70,435902.60,435920.20,439045.50,439045.50,439045.50,441045.80
43,1,3.2225200000000003,"Low SD (~3.2) - Interpolated",0,exponential,interp,3.2225,2405.71,5,2,91.4,388.45,45,2,3.8501,3.8667,5.8670,760.65,721.12,451.55,457.00,1148.58,761.53,1148.58,761.53,1125.58,713.31,726.23,731.68,0,4861.8,441562.20,442153.40,442170.00,446020.10,446020.10,446020.10,448020.40
44,1,3.2225200000000003,"Low SD (~3.2) - Interpolated",0,exponential,interp,3.2225,2405.71,5,3,91.4,388.45,225,3,8.3164,8.3334,10.3339,811.52,776.48,1114.68,731.68,562.76,136.74,562.76,136.74,583.00,165.78,840.00,457.00,2,3928.0,448537.30,448778.30,448795.30,457111.70,453595.30,457111.70,459112.20
45,1,3.2225200000000003,"Low SD (~3.2) - Interpolated",0,exponential,interp,3.2225,2405.71,5,4,91.4,388.45,90,4,4.6499,4.6665,6.6672,763.04,699.82,565.32,182.32,857.00,887.41,857.00,887.41,855.67,819.07,565.32,570.77,1,2307.8,459629.30,460036.80,460053.40,464703.30,463139.50,464703.30,466704.00
46,1,3.2225200000000003,"Low SD (~3.2) - Interpolated",0,exponential,interp,3.2225,2405.71,5,5,91.4,388.45,270,5,4.4566,4.4906,6.4909,817.47,774.31,840.00,845.45,860.93,28.25,860.93,28.25,857.85,71.35,840.00,457.00,1,2335.3,467220.70,467295.20,467329.20,471785.80,470019.20,471785.80,473786.10
47,1,3.2225200000000003,"Low SD (~3.2) - Interpolated",0,exponential,interp,3.2225,2405.71,5,6,91.4,388.45,135,6,4.1331,4.1331,6.1333,762.76,705.03,840.00,68.55,546.31,772.50,546.31,772.50,575.98,722.27,565.32,343.23,0,1527.7,474303.90,474720.30,474720.30,478853.40,478853.40,478853.40,480853.60
48,1,3.2225200000000003,"Low SD (~3.2) - Interpolated",0,exponential,interp,3.2225,2405.71,5,7,91.4,388.45,315,7,7.2085,7.2086,9.2168,749.05,791.43,565.32,731.68,1069.27,177.50,1069.27,177.50,1137.96,185.37,840.00,457.00,2,1794.0,481370.70,482061.20,482061.30,489269.80,485861.10,489269.80,491278.00
49,1,3.2225200000000003,"Low SD (~3.2) - Interpolated",1,oneEuro,interp,3.2225,1560.43,0,0,27.419999999999998,228.5,0,0,1.6421,1.6421,3.6512,236.13,227.80,840.00,457.00,1075.86,468.28,1075.86,468.28,1067.69,464.10,1068.50,457.00,0,172.9,503636.20,504002.20,504002.20,505644.30,505644.30,505644.30,507653.40
50,1,3.2225200000000003,"Low SD (~3.2) - Interpolated",1,oneEuro,interp,3.2225,1560.43,0,1,27.419999999999998,228.5,180,1,14.7028,14.7028,16.7112,449.02,461.46,1068.50,457.00,619.61,467.85,619.61,467.85,607.06,461.56,840.00,457.00,5,446.1,508161.40,508162.70,508162.70,522865.50,509019.70,522865.50,524873.90
51,1,3.2225200000000003,"Low SD (~3.2) - Interpolated",1,oneEuro,interp,3.2225,1560.43,0,2,27.419999999999998,228.5,45,2,5.1582,5.1582,7.1665,431.64,421.40,611.50,457.00,1006.33,631.42,1006.33,631.42,1000.57,618.88,773.07,618.57,1,655.6,525382.10,525548.20,525548.20,530706.40,529106.60,530706.40,532714.70
52,1,3.2225200000000003,"Low SD (~3.2) - Interpolated",1,oneEuro,interp,3.2225,1560.43,0,3,27.419999999999998,228.5,225,3,9.9582,9.9911,11.9989,444.13,459.54,1001.57,618.57,684.35,307.74,684.35,307.74,674.65,295.63,840.00,457.00,1,1435.8,533232.90,533340.20,533373.10,543331.30,539840.00,543331.30,545339.10
53,1,3.2225200000000003,"Low SD (~3.2) - Interpolated",1,oneEuro,interp,3.2225,1560.43,0,4,27.419999999999998,228.5,90,4,1.3501,1.3502,3.3581,433.07,408.94,678.43,295.43,840.74,696.93,840.74,696.93,837.81,672.03,678.43,523.93,1,806.7,545848.50,545864.60,545864.70,547214.80,546431.60,547214.80,549222.70
54,1,3.2225200000000003,"Low SD (~3.2) - Interpolated",1,oneEuro,interp,3.2225,1560.43,0,5,27.419999999999998,228.5,270,5,3.3919,3.4905,5.4992,444.98,447.94,840.00,685.50,845.55,240.56,845.55,240.56,843.79,237.57,840.00,457.00,0,443.8,549740.90,549741.00,549839.60,553231.50,553231.50,553231.50,555240.20
55,1,3.2225200000000003,"Low SD (~3.2) - Interpolated",1,oneEuro,interp,3.2225,1560.43,0,6,27.419999999999998,228.5,135,6,11.3660,11.3817,13.3904,409.93,428.27,840.00,228.50,677.74,604.95,677.74,604.95,684.09,627.38,678.43,390.07,2,442.8,555757.80,555757.90,555773.60,567139.60,562306.30,567139.60,569148.30
56,1,3.2225200000000003,"Low SD (~3.2) - Interpolated",1,oneEuro,interp,3.2225,1560.43,0,7,27.419999999999998,228.5,315,7,2.9501,2.9995,5.0000,445.01,455.68,678.43,618.57,997.38,308.24,997.38,308.24,1002.02,297.74,840.00,457.00,1,694.9,569665.20,570148.50,570197.90,573148.00,571473.80,573148.00,575148.50
57,1,3.2225200000000003,"Low SD (~3.2) - Interpolated",1,oneEuro,interp,3.2225,1560.43,1,0,27.419999999999998,411.3,0,0,6.4324,6.4987,8.5080,424.86,398.42,840.00,457.00,1264.86,458.37,1264.86,458.37,1238.42,456.60,1251.30,457.00,0,190.3,582089.90,582207.00,582273.30,588705.70,588705.70,588705.70,590715.00
58,1,3.2225200000000003,"Low SD (~3.2) - Interpolated",1,oneEuro,interp,3.2225,1560.43,1,1,27.419999999999998,411.3,180,1,7.3230,7.5001,9.5007,814.81,828.50,1251.30,457.00,436.57,468.03,436.57,468.03,422.80,454.85,840.00,457.00,1,1592.4,591224.80,591239.00,591416.10,598739.10,592298.40,598739.10,600739.70
59,1,3.2225200000000003,"Low SD (~3.2) - Interpolated",1,oneEuro,interp,3.2225,1560.43,1,2,27.419999999999998,411.3,45,2,9.0413,9.0579,11.0660,746.39,767.61,428.70,457.00,1118.16,742.90,1118.16,742.90,1137.24,752.30,719.53,747.83,3,1561.1,601248.40,601589.70,601606.30,610647.60,603973.10,610647.60,612655.70
60,1,3.2225200000000003,"Low SD (~3.2) - Interpolated",1,oneEuro,interp,3.2225,1560.43,1,3,27.419999999999998,411.3,225,3,2.5582,2.5582,4.5590,820.55,816.36,1130.83,747.83,541.14,177.25,541.14,177.25,556.73,167.45,840.00,457.00,0,876.6,613173.50,613280.90,613280.90,615839.10,615839.10,615839.10,617839.90
61,1,3.2225200000000003,"Low SD (~3.2) - Interpolated",1,oneEuro,interp,3.2225,1560.43,1,4,27.419999999999998,411.3,90,4,10.3589,10.4100,12.4240,753.00,754.93,549.17,166.17,848.11,857.28,848.11,857.28,845.94,860.31,549.17,577.47,3,908.2,618356.90,618357.00,618408.10,628767.00,621389.00,628767.00,630781.00
62,1,3.2225200000000003,"Low SD (~3.2) - Interpolated",1,oneEuro,interp,3.2225,1560.43,1,5,27.419999999999998,411.3,270,5,10.5584,10.5755,12.5842,809.61,818.17,840.00,868.30,835.67,58.70,835.67,58.70,837.22,50.13,840.00,457.00,2,925.7,631297.90,631796.80,631813.90,642372.30,637872.00,642372.30,644381.00
63,1,3.2225200000000003,"Low SD (~3.2) - Interpolated",1,oneEuro,interp,3.2225,1560.43,1,6,27.419999999999998,411.3,135,6,6.3402,6.3579,8.3663,766.29,763.23,840.00,45.70,557.96,758.20,557.96,758.20,540.21,747.59,549.17,336.53,1,1042.3,644890.00,645147.80,645165.50,651505.70,648798.20,651505.70,653514.10
64,1,3.2225200000000003,"Low SD (~3.2) - Interpolated",1,oneEuro,interp,3.2225,1560.43,1,7,27.419999999999998,411.3,315,7,10.6424,10.6424,12.6596,829.78,819.00,549.17,747.83,1127.63,152.92,1127.63,152.92,1135.43,175.95,840.00,457.00,2,1119.1,654031.60,654746.60,654746.60,665389.00,657805.90,665389.00,667406.20
65,1,3.2225200000000003,"Low SD (~3.2) - Interpolated",1,oneEuro,interp,3.2225,1560.43,2,0,54.839999999999996,228.5,0,0,1.8257,1.8257,3.8336,236.55,224.40,840.00,457.00,1075.16,431.41,1075.16,431.41,1064.36,452.78,1068.50,457.00,0,316.2,674339.10,675013.60,675013.60,676839.30,676839.30,676839.30,678847.20
66,1,3.2225200000000003,"Low SD (~3.2) - Interpolated",1,oneEuro,interp,3.2225,1560.43,2,1,54.839999999999996,228.5,180,1,4.2647,4.2647,6.2650,453.20,458.65,1068.50,457.00,616.07,483.44,616.07,483.44,610.52,432.28,840.00,457.00,1,331.3,679356.20,679357.60,679357.60,683622.30,681688.60,683622.30,685622.60
67,1,3.2225200000000003,"Low SD (~3.2) - Interpolated",1,oneEuro,interp,3.2225,1560.43,2,2,54.839999999999996,228.5,45,2,2.5170,2.5170,4.5251,412.50,430.13,611.50,457.00,1001.54,591.26,1001.54,591.26,1006.99,626.09,773.07,618.57,1,462.8,686131.80,686338.60,686338.60,688855.60,687188.80,688855.60,690863.70
68,1,3.2225200000000003,"Low SD (~3.2) - Interpolated",1,oneEuro,interp,3.2225,1560.43,2,3,54.839999999999996,228.5,225,3,2.7752,2.7752,4.7845,429.99,451.12,1001.57,618.57,699.05,313.01,699.05,313.01,687.76,294.49,840.00,457.00,0,985.4,691380.90,691563.40,691563.40,694338.60,694338.60,694338.60,696347.90
69,1,3.2225200000000003,"Low SD (~3.2) - Interpolated",1,oneEuro,interp,3.2225,1560.43,2,4,54.839999999999996,228.5,90,4,2.5157,2.5157,4.5161,448.92,429.11,678.43,295.43,854.20,708.51,854.20,708.51,851.65,688.01,678.43,523.93,2,480.1,696864.60,696864.80,696864.80,699380.50,697332.20,699380.50,701380.90
70,1,3.2225200000000003,"Low SD (~3.2) - Interpolated",1,oneEuro,interp,3.2225,1560.43,2,5,54.839999999999996,228.5,270,5,2.0488,2.0489,4.0574,433.13,438.30,840.00,685.50,852.83,252.56,852.83,252.56,851.71,247.35,840.00,457.00,0,372.0,701897.70,701897.70,701897.80,703946.60,703946.60,703946.60,705955.10
71,1,3.2225200000000003,"Low SD (~3.2) - Interpolated",1,oneEuro,interp,3.2225,1560.43,2,6,54.839999999999996,228.5,135,6,10.6900,10.6900,12.6989,443.90,420.38,840.00,228.50,685.89,644.79,685.89,644.79,690.62,621.45,678.43,390.07,4,512.9,706473.80,706473.90,706473.90,717163.90,708589.30,717163.90,719172.80
72,1,3.2225200000000003,"Low SD (~3.2) - Interpolated",1,oneEuro,interp,3.2225,1560.43,2,7,54.839999999999996,228.5,315,7,1.5589,1.5589,3.5746,445.90,456.44,678.43,618.57,1010.19,320.65,1010.19,320.65,1000.21,294.86,840.00,457.00,0,687.5,719690.00,719897.30,719897.30,721456.20,721456.20,721456.20,723471.90
73,1,3.2225200000000003,"Low SD (~3.2) - Interpolated",1,oneEuro,interp,3.2225,1560.43,3,0,54.839999999999996,406.72999999999996,0,0,1.6995,1.6995,3.7072,401.27,398.03,840.00,457.00,1240.41,430.81,1240.41,430.81,1238.03,458.83,1246.73,457.00,0,378.7,729846.80,730280.60,730280.60,731980.10,731980.10,731980.10,733987.80
74,1,3.2225200000000003,"Low SD (~3.2) - Interpolated",1,oneEuro,interp,3.2225,1560.43,3,1,54.839999999999996,406.72999999999996,180,1,12.8224,12.8225,14.8320,800.01,802.74,1246.73,457.00,447.07,480.61,447.07,480.61,444.24,477.30,840.00,457.00,3,637.5,734506.70,734506.80,734506.90,747329.30,740645.90,747329.30,749338.80
75,1,3.2225200000000003,"Low SD (~3.2) - Interpolated",1,oneEuro,interp,3.2225,1560.43,3,2,54.839999999999996,406.72999999999996,45,2,2.7415,2.7748,4.7828,725.37,737.25,433.27,457.00,1100.56,741.39,1100.56,741.39,1115.80,735.73,720.87,744.60,0,1002.2,749848.50,749913.70,749947.00,752688.50,752688.50,752688.50,754696.50
76,1,3.2225200000000003,"Low SD (~3.2) - Interpolated",1,oneEuro,interp,3.2225,1560.43,3,3,54.839999999999996,406.72999999999996,225,3,9.2074,9.2074,11.2195,838.44,797.10,1127.60,744.60,541.74,144.81,541.74,144.81,558.02,186.98,840.00,457.00,4,1396.7,755213.90,755214.00,755214.00,764421.40,755854.30,764421.40,766433.50
77,1,3.2225200000000003,"Low SD (~3.2) - Interpolated",1,oneEuro,interp,3.2225,1560.43,3,4,54.839999999999996,406.72999999999996,90,4,2.6766,2.7511,4.7580,729.48,748.96,552.40,169.40,817.87,848.86,817.87,848.86,844.77,858.93,552.40,576.13,0,1010.0,766943.70,766959.00,767033.50,769710.10,769710.10,769710.10,771717.00
78,1,3.2225200000000003,"Low SD (~3.2) - Interpolated",1,oneEuro,interp,3.2225,1560.43,3,5,54.839999999999996,406.72999999999996,270,5,3.8999,3.8991,5.9079,789.15,819.01,840.00,863.73,851.45,74.66,851.51,74.79,841.96,44.73,840.00,457.00,2,445.5,772234.60,772234.70,772234.80,776134.70,774309.30,776133.80,778142.60
79,1,3.2225200000000003,"Low SD (~3.2) - Interpolated",1,oneEuro,interp,3.2225,1560.43,3,6,54.839999999999996,406.72999999999996,135,6,2.1073,2.1073,4.1073,753.89,731.15,840.00,50.27,576.80,756.72,576.80,756.72,560.62,725.94,552.40,337.87,2,817.7,778651.00,778851.40,778851.40,780958.70,779584.00,780958.70,782958.70
80,1,3.2225200000000003,"Low SD (~3.2) - Interpolated",1,oneEuro,interp,3.2225,1560.43,3,7,54.839999999999996,406.72999999999996,315,7,2.4320,2.4821,4.4909,787.43,819.34,552.40,744.60,1114.97,193.63,1114.97,193.63,1117.27,151.10,840.00,457.00,0,778.0,783476.80,783518.20,783568.30,786000.30,786000.30,786000.30,788009.10
81,1,3.2225200000000003,"Low SD (~3.2) - Interpolated",1,oneEuro,interp,3.2225,1560.43,4,0,91.4,228.5,0,0,0.5906,0.5906,2.5906,190.22,227.02,840.00,457.00,1029.54,473.05,1029.54,473.05,1066.79,467.16,1068.50,457.00,0,282.2,794692.40,794926.90,794926.90,795517.50,795517.50,795517.50,797517.50
82,1,3.2225200000000003,"Low SD (~3.2) - Interpolated",1,oneEuro,interp,3.2225,1560.43,4,1,91.4,228.5,180,1,1.1166,1.1167,3.1245,423.40,432.76,1068.50,457.00,645.99,484.51,645.99,484.51,635.77,461.60,840.00,457.00,0,1041.6,798025.80,798042.10,798042.20,799158.80,799158.80,799158.80,801166.60
83,1,3.2225200000000003,"Low SD (~3.2) - Interpolated",1,oneEuro,interp,3.2225,1560.43,4,2,91.4,228.5,45,2,0.7646,0.7646,2.7646,377.23,415.76,611.50,457.00,957.12,608.15,957.12,608.15,1002.06,599.53,773.07,618.57,0,284.3,801676.30,801677.60,801677.60,802442.20,802442.20,802442.20,804442.20
84,1,3.2225200000000003,"Low SD (~3.2) - Interpolated",1,oneEuro,interp,3.2225,1560.43,4,3,91.4,228.5,225,3,0.8151,0.8147,2.8286,430.93,461.88,1001.57,618.57,673.52,339.13,673.63,339.25,687.81,279.63,840.00,457.00,0,465.5,804959.70,804959.80,804959.90,805775.00,805774.50,805774.50,807788.40
85,1,3.2225200000000003,"Low SD (~3.2) - Interpolated",1,oneEuro,interp,3.2225,1560.43,4,4,91.4,228.5,90,4,1.1580,1.1575,3.1657,466.50,408.19,678.43,295.43,860.42,724.97,860.48,725.06,839.27,670.59,678.43,523.93,1,987.5,808296.90,808313.10,808313.20,809471.20,808854.90,809470.60,811478.80
86,1,3.2225200000000003,"Low SD (~3.2) - Interpolated",1,oneEuro,interp,3.2225,1560.43,4,5,91.4,228.5,270,5,1.3479,1.3478,3.3482,412.51,477.21,840.00,685.50,845.11,273.03,845.11,273.03,814.71,208.96,840.00,457.00,0,347.2,811997.20,811997.30,811997.30,813345.20,813345.10,813345.10,815345.50
87,1,3.2225200000000003,"Low SD (~3.2) - Interpolated",1,oneEuro,interp,3.2225,1560.43,4,6,91.4,228.5,135,6,1.3649,1.3660,3.3661,379.29,439.94,840.00,228.50,704.73,582.85,704.73,582.85,702.03,646.25,678.43,390.07,0,370.7,815862.80,815863.00,815864.20,817229.10,817229.00,817229.00,819229.10
88,1,3.2225200000000003,"Low SD (~3.2) - Interpolated",1,oneEuro,interp,3.2225,1560.43,4,7,91.4,228.5,315,7,0.9164,0.9164,2.9257,415.55,459.50,678.43,618.57,972.14,324.61,972.14,324.61,1014.50,305.21,840.00,457.00,0,425.1,819747.30,819895.70,819895.70,820812.10,820812.10,820812.10,822821.40
89,1,3.2225200000000003,"Low SD (~3.2) - Interpolated",1,oneEuro,interp,3.2225,1560.43,5,0,91.4,388.45,0,0,1.1419,1.1412,3.1415,433.49,383.94,840.00,457.00,1273.43,449.68,1273.53,449.73,1223.54,439.39,1228.45,457.00,1,594.5,832041.50,832808.50,832808.50,833950.40,833391.60,833949.70,835950.00
90,1,3.2225200000000003,"Low SD (~3.2) - Interpolated",1,oneEuro,interp,3.2225,1560.43,5,1,91.4,388.45,180,1,2.8165,2.8165,4.8250,739.51,788.25,1228.45,457.00,489.31,480.29,489.31,480.29,440.44,437.67,840.00,457.00,0,1199.8,836467.10,837066.80,837066.80,839883.30,839883.30,839883.30,841891.80
91,1,3.2225200000000003,"Low SD (~3.2) - Interpolated",1,oneEuro,interp,3.2225,1560.43,5,2,91.4,388.45,45,2,0.8412,0.8412,2.8413,758.26,717.13,451.55,457.00,1146.57,760.17,1146.57,760.17,1118.03,721.73,726.23,731.68,0,1105.0,842408.90,843133.30,843133.30,843974.50,843974.50,843974.50,845974.60
92,1,3.2225200000000003,"Low SD (~3.2) - Interpolated",1,oneEuro,interp,3.2225,1560.43,5,3,91.4,388.45,225,3,3.6832,3.6832,5.6926,733.16,756.25,1114.68,731.68,587.39,222.28,587.39,222.28,576.12,200.77,840.00,457.00,2,2072.0,846492.30,846608.20,846608.20,850291.40,847158.70,850291.40,852300.80
93,1,3.2225200000000003,"Low SD (~3.2) - Interpolated",1,oneEuro,interp,3.2225,1560.43,5,4,91.4,388.45,90,4,6.2246,6.2246,8.2246,675.68,762.02,565.32,182.32,834.92,801.89,834.92,801.89,856.74,886.42,565.32,570.77,2,1802.1,852817.20,853208.30,853208.30,859432.90,853516.40,859432.90,861432.90
94,1,3.2225200000000003,"Low SD (~3.2) - Interpolated",1,oneEuro,interp,3.2225,1560.43,5,5,91.4,388.45,270,5,2.1497,2.6311,4.6394,813.46,772.20,840.00,845.45,867.19,32.44,867.19,32.44,838.98,73.25,840.00,457.00,0,1670.6,861942.30,861943.70,862425.10,864574.80,864574.80,864574.80,866583.10
95,1,3.2225200000000003,"Low SD (~3.2) - Interpolated",1,oneEuro,interp,3.2225,1560.43,5,6,91.4,388.45,135,6,4.0248,4.0248,6.0336,752.22,722.53,840.00,68.55,580.51,774.59,580.51,774.59,559.64,734.47,565.32,343.23,2,564.1,867100.80,867191.30,867191.30,871216.10,868149.40,871216.10,873224.90
96,1,3.2225200000000003,"Low SD (~3.2) - Interpolated",1,oneEuro,interp,3.2225,1560.43,5,7,91.4,388.45,315,7,1.6984,1.6985,3.7093,821.98,794.69,565.32,731.68,1150.23,154.14,1150.23,154.14,1147.63,190.89,840.00,457.00,1,927.5,873742.70,873742.70,873742.80,875441.20,874391.20,875441.20,877452.00
97,2,17.512900000000002,"Medium SD (~17.5) - Interpolated",0,exponential,interp,17.5129,354.82,0,0,27.419999999999998,228.5,0,0,11.5002,11.5500,13.5663,233.76,233.00,840.00,457.00,1073.42,469.57,1073.42,469.57,1072.91,450.36,1068.50,457.00,6,3724.9,887803.40,888071.20,888121.00,899621.20,890870.40,899621.20,901637.50
98,2,17.512900000000002,"Medium SD (~17.5) - Interpolated",0,exponential,interp,17.5129,354.82,0,1,27.419999999999998,228.5,180,1,4.7816,4.7815,6.7921,446.96,448.83,1068.50,457.00,621.64,447.83,621.64,447.83,619.67,456.63,840.00,457.00,3,5241.8,902154.50,902205.60,902205.60,906987.20,904278.70,906987.10,908997.70
99,2,17.512900000000002,"Medium SD (~17.5) - Interpolated",0,exponential,interp,17.5129,354.82,0,2,27.419999999999998,228.5,45,2,2.1151,2.1501,4.1584,409.51,414.71,611.50,457.00,990.87,611.20,990.87,611.20,995.11,614.57,773.07,618.57,0,13137.1,909505.50,909520.30,909555.30,911670.40,911670.40,911670.40,913678.70
100,2,17.512900000000002,"Medium SD (~17.5) - Interpolated",0,exponential,interp,17.5129,354.82,0,3,27.419999999999998,228.5,225,3,5.9498,6.0414,8.0499,446.03,453.08,1001.57,618.57,680.56,308.92,680.56,308.92,681.86,297.54,840.00,457.00,4,6139.5,914196.60,914445.40,914537.00,920486.80,916211.80,920486.80,922495.30
101,2,17.512900000000002,"Medium SD (~17.5) - Interpolated",0,exponential,interp,17.5129,354.82,0,4,27.419999999999998,228.5,90,4,21.1343,21.5336,23.5346,435.69,418.96,678.43,295.43,844.95,698.04,844.95,698.04,841.28,681.43,678.43,523.93,12,15398.0,923012.20,923012.20,923411.50,944545.80,925111.50,944545.80,946546.80
102,2,17.512900000000002,"Medium SD (~17.5) - Interpolated",0,exponential,interp,17.5129,354.82,0,5,27.419999999999998,228.5,270,5,5.2491,5.2836,7.2836,443.47,450.04,840.00,685.50,842.14,242.04,842.14,242.04,845.10,235.49,840.00,457.00,1,2643.5,947062.30,947078.00,947112.50,952361.60,950278.40,952361.60,954361.60
103,2,17.512900000000002,"Medium SD (~17.5) - Interpolated",0,exponential,interp,17.5129,354.82,0,6,27.419999999999998,228.5,135,6,9.5003,9.5647,11.5655,429.58,412.93,840.00,228.50,685.51,629.34,685.51,629.34,674.07,606.63,678.43,390.07,4,2813.8,954870.70,954872.10,954936.50,964436.80,957136.30,964436.80,966437.60
104,2,17.512900000000002,"Medium SD (~17.5) - Interpolated",0,exponential,interp,17.5129,354.82,0,7,27.419999999999998,228.5,315,7,5.6991,5.8973,7.8976,457.06,460.27,678.43,618.57,991.90,285.95,991.90,285.95,1003.10,292.33,840.00,457.00,3,12014.3,966945.70,966947.10,967145.30,972844.40,969411.30,972844.40,974844.70
105,2,17.512900000000002,"Medium SD (~17.5) - Interpolated",0,exponential,interp,17.5129,354.82,1,0,27.419999999999998,411.3,0,0,5.7837,5.7837,7.7837,414.65,411.55,840.00,457.00,1254.44,443.73,1254.44,443.73,1251.42,446.62,1251.30,457.00,0,5882.1,981477.50,982344.40,982344.40,988128.10,988128.10,988128.10,990128.10
106,2,17.512900000000002,"Medium SD (~17.5) - Interpolated",0,exponential,interp,17.5129,354.82,1,1,27.419999999999998,411.3,180,1,5.9817,6.0001,8.0102,810.36,825.29,1251.30,457.00,440.96,462.98,440.96,462.98,426.01,457.34,840.00,457.00,2,8098.8,990645.70,990719.50,990737.90,996719.60,993826.90,996719.60,998729.70
107,2,17.512900000000002,"Medium SD (~17.5) - Interpolated",0,exponential,interp,17.5129,354.82,1,2,27.419999999999998,411.3,45,2,5.1484,5.1990,7.2081,747.29,760.14,428.70,457.00,1120.19,740.34,1120.19,740.34,1133.76,741.09,719.53,747.83,3,15428.1,999244.80,999244.90,999295.50,1004443.90,1000152.90,1004443.90,1006453.00
108,2,17.512900000000002,"Medium SD (~17.5) - Interpolated",0,exponential,interp,17.5129,354.82,1,3,27.419999999999998,411.3,225,3,4.8581,4.9587,6.9594,810.89,809.77,1130.83,747.83,562.46,169.47,562.46,169.47,558.51,174.97,840.00,457.00,2,13574.7,1006970.50,1007044.20,1007144.80,1012002.90,1009802.60,1012002.90,1014003.60
109,2,17.512900000000002,"Medium SD (~17.5) - Interpolated",0,exponential,interp,17.5129,354.82,1,4,27.419999999999998,411.3,90,4,4.7331,4.7331,6.7418,746.45,758.04,549.17,166.17,836.41,855.14,836.41,855.14,841.57,865.54,549.17,577.47,4,10558.3,1014519.60,1014611.60,1014611.60,1019344.70,1016127.30,1019344.70,1021353.40
110,2,17.512900000000002,"Medium SD (~17.5) - Interpolated",0,exponential,interp,17.5129,354.82,1,5,27.419999999999998,411.3,270,5,3.2501,3.2502,5.2506,813.04,814.68,840.00,868.30,849.52,55.31,849.52,55.31,843.11,53.62,840.00,457.00,1,7707.6,1021862.20,1021877.80,1021877.90,1025128.00,1023819.50,1025128.00,1027128.40
111,2,17.512900000000002,"Medium SD (~17.5) - Interpolated",0,exponential,interp,17.5129,354.82,1,6,27.419999999999998,411.3,135,6,3.5168,3.5900,5.5905,746.54,747.42,840.00,45.70,556.74,736.42,556.74,736.42,557.09,737.51,549.17,336.53,1,7170.5,1027645.90,1027720.90,1027794.10,1031310.90,1030485.90,1031310.90,1033311.40
112,2,17.512900000000002,"Medium SD (~17.5) - Interpolated",0,exponential,interp,17.5129,354.82,1,7,27.419999999999998,411.3,315,7,7.8750,7.9400,9.9482,814.39,813.74,549.17,747.83,1132.59,179.63,1132.59,179.63,1127.05,174.92,840.00,457.00,4,3739.3,1033828.30,1033828.40,1033893.40,1041768.40,1036835.50,1041768.40,1043776.60
113,2,17.512900000000002,"Medium SD (~17.5) - Interpolated",0,exponential,interp,17.5129,354.82,2,0,54.839999999999996,228.5,0,0,1.1148,1.1318,3.1322,253.43,231.27,840.00,457.00,1093.32,449.42,1093.32,449.42,1071.27,455.57,1068.50,457.00,1,1313.3,1051395.20,1051704.40,1051721.40,1052836.20,1052095.00,1052836.20,1054836.60
114,2,17.512900000000002,"Medium SD (~17.5) - Interpolated",0,exponential,interp,17.5129,354.82,2,1,54.839999999999996,228.5,180,1,1.8315,1.8316,3.8406,431.13,446.72,1068.50,457.00,637.46,465.66,637.46,465.66,622.04,441.60,840.00,457.00,0,1546.2,1055353.80,1055353.90,1055354.00,1057185.50,1057185.50,1057185.50,1059194.50
115,2,17.512900000000002,"Medium SD (~17.5) - Interpolated",0,exponential,interp,17.5129,354.82,2,2,54.839999999999996,228.5,45,2,0.9831,1.0488,3.0559,397.80,415.31,611.50,457.00,978.97,609.35,978.97,609.35,999.92,604.02,773.07,618.57,0,1477.5,1059713.10,1059713.20,1059778.90,1060762.00,1060762.00,1060762.00,1062769.10
116,2,17.512900000000002,"Medium SD (~17.5) - Interpolated",0,exponential,interp,17.5129,354.82,2,3,54.839999999999996,228.5,225,3,1.9496,1.9662,3.9675,430.46,440.78,1001.57,618.57,695.68,315.71,695.68,315.71,689.43,307.36,840.00,457.00,1,6161.6,1063285.90,1063286.00,1063302.70,1065252.30,1064102.20,1065252.20,1067253.50
117,2,17.512900000000002,"Medium SD (~17.5) - Interpolated",0,exponential,interp,17.5129,354.82,2,4,54.839999999999996,228.5,90,4,1.2575,1.2575,3.2578,449.36,406.35,678.43,295.43,847.74,711.66,847.74,711.66,835.31,670.27,678.43,523.93,1,6623.2,1067769.00,1067769.10,1067769.10,1069026.60,1068436.00,1069026.60,1071026.90
118,2,17.512900000000002,"Medium SD (~17.5) - Interpolated",0,exponential,interp,17.5129,354.82,2,5,54.839999999999996,228.5,270,5,1.2000,1.2661,3.2835,437.76,448.64,840.00,685.50,858.61,248.14,858.61,248.14,836.08,236.87,840.00,457.00,0,4472.7,1071544.90,1071545.00,1071611.10,1072811.10,1072811.10,1072811.10,1074828.50
119,2,17.512900000000002,"Medium SD (~17.5) - Interpolated",0,exponential,interp,17.5129,354.82,2,6,54.839999999999996,228.5,135,6,1.0483,1.0483,3.0569,397.49,405.25,840.00,228.50,697.36,599.51,697.36,599.51,697.28,607.78,678.43,390.07,0,5497.2,1075345.20,1075345.30,1075345.30,1076393.60,1076393.60,1076393.60,1078402.20
120,2,17.512900000000002,"Medium SD (~17.5) - Interpolated",0,exponential,interp,17.5129,354.82,2,7,54.839999999999996,228.5,315,7,1.4068,1.4069,3.4069,446.32,460.45,678.43,618.57,975.97,285.90,975.97,285.90,1004.08,293.05,840.00,457.00,1,5442.4,1078911.80,1078911.90,1078912.00,1080318.80,1080077.60,1080318.80,1082318.80
121,2,17.512900000000002,"Medium SD (~17.5) - Interpolated",0,exponential,interp,17.5129,354.82,3,0,54.839999999999996,406.72999999999996,0,0,5.1393,5.1394,7.1399,392.02,387.52,840.00,457.00,1231.38,434.63,1231.38,434.63,1227.51,459.72,1246.73,457.00,3,10568.1,1088978.20,1089195.00,1089195.10,1094334.40,1090377.50,1094334.40,1096334.90
122,2,17.512900000000002,"Medium SD (~17.5) - Interpolated",0,exponential,interp,17.5129,354.82,3,1,54.839999999999996,406.72999999999996,180,1,1.9741,2.0245,4.0249,786.44,815.22,1246.73,457.00,460.30,454.45,460.30,454.45,431.59,445.55,840.00,457.00,2,9284.7,1096844.50,1096844.60,1096895.00,1098869.10,1097569.00,1098869.10,1100869.50
123,2,17.512900000000002,"Medium SD (~17.5) - Interpolated",0,exponential,interp,17.5129,354.82,3,2,54.839999999999996,406.72999999999996,45,2,1.1584,1.1738,3.1740,725.66,734.10,433.27,457.00,1104.98,731.58,1104.98,731.58,1114.20,731.30,720.87,744.60,0,6860.5,1101386.60,1101386.70,1101402.10,1102560.50,1102560.50,1102560.50,1104560.70
124,2,17.512900000000002,"Medium SD (~17.5) - Interpolated",0,exponential,interp,17.5129,354.82,3,3,54.839999999999996,406.72999999999996,225,3,2.6079,2.6253,4.6347,786.27,799.94,1127.60,744.60,570.63,189.63,570.63,189.63,565.26,175.68,840.00,457.00,1,10006.6,1105076.00,1105076.10,1105093.50,1107701.40,1106701.90,1107701.40,1109710.80
125,2,17.512900000000002,"Medium SD (~17.5) - Interpolated",0,exponential,interp,17.5129,354.82,3,4,54.839999999999996,406.72999999999996,90,4,7.3754,7.3904,9.3981,724.34,726.87,552.40,169.40,829.69,838.56,829.69,838.56,833.89,839.55,552.40,576.13,5,6283.7,1110228.10,1110228.20,1110243.20,1117618.60,1112118.50,1117618.60,1119626.30
126,2,17.512900000000002,"Medium SD (~17.5) - Interpolated",0,exponential,interp,17.5129,354.82,3,5,54.839999999999996,406.72999999999996,270,5,5.0568,5.0570,7.0658,787.38,803.91,840.00,863.73,846.52,76.37,846.52,76.37,835.48,59.83,840.00,457.00,2,11550.4,1120144.50,1120144.50,1120144.70,1125201.50,1121685.40,1125201.50,1127210.30
127,2,17.512900000000002,"Medium SD (~17.5) - Interpolated",0,exponential,interp,17.5129,354.82,3,6,54.839999999999996,406.72999999999996,135,6,1.8843,1.8844,3.8893,724.57,741.39,840.00,50.27,559.88,718.51,559.88,718.51,569.91,740.71,552.40,337.87,0,5248.2,1127719.10,1127720.50,1127720.60,1129604.90,1129604.90,1129604.90,1131609.80
128,2,17.512900000000002,"Medium SD (~17.5) - Interpolated",0,exponential,interp,17.5129,354.82,3,7,54.839999999999996,406.72999999999996,315,7,2.5169,2.5819,4.5820,802.36,798.35,552.40,744.60,1136.80,194.83,1136.80,194.83,1120.04,183.22,840.00,457.00,1,10211.4,1132118.60,1132119.90,1132185.00,1134701.90,1133925.40,1134701.80,1136701.90
129,2,17.512900000000002,"Medium SD (~17.5) - Interpolated",0,exponential,interp,17.5129,354.82,4,0,91.4,228.5,0,0,0.7486,0.8155,2.8247,265.90,229.91,840.00,457.00,1104.54,430.12,1104.76,429.44,1069.86,452.07,1068.50,457.00,1,3131.1,1141484.60,1141785.90,1141853.10,1142601.70,1142067.50,1142601.40,1144610.60
130,2,17.512900000000002,"Medium SD (~17.5) - Interpolated",0,exponential,interp,17.5129,354.82,4,1,91.4,228.5,180,1,0.6500,0.7010,2.7069,413.05,435.45,1068.50,457.00,655.59,446.34,655.59,446.34,633.05,457.28,840.00,457.00,0,3704.3,1145127.50,1145127.50,1145178.50,1145828.50,1145828.50,1145828.50,1147834.40
131,2,17.512900000000002,"Medium SD (~17.5) - Interpolated",0,exponential,interp,17.5129,354.82,4,2,91.4,228.5,45,2,0.2738,0.2738,2.2741,379.94,383.76,611.50,457.00,962.21,603.16,962.21,603.16,971.87,588.91,773.07,618.57,0,3568.4,1148341.80,1148344.20,1148344.20,1148618.00,1148618.00,1148618.00,1150618.30
132,2,17.512900000000002,"Medium SD (~17.5) - Interpolated",0,exponential,interp,17.5129,354.82,4,3,91.4,228.5,225,3,2.7403,2.7899,4.7984,412.20,438.16,1001.57,618.57,704.72,332.59,704.72,332.59,684.03,316.66,840.00,457.00,2,4508.7,1151136.00,1151136.10,1151185.70,1153926.00,1151136.10,1153926.00,1155934.50
133,2,17.512900000000002,"Medium SD (~17.5) - Interpolated",0,exponential,interp,17.5129,354.82,4,4,91.4,228.5,90,4,1.0075,1.0570,3.0570,384.35,441.24,678.43,295.43,805.80,658.06,804.87,656.88,853.40,700.49,678.43,523.93,0,4567.1,1156453.00,1156453.10,1156503.10,1157510.60,1157510.10,1157510.10,1159510.10
134,2,17.512900000000002,"Medium SD (~17.5) - Interpolated",0,exponential,interp,17.5129,354.82,4,5,91.4,228.5,270,5,0.4574,0.5073,2.5165,416.57,448.22,840.00,685.50,831.73,269.01,831.73,269.01,818.56,237.79,840.00,457.00,0,7434.4,1160027.10,1160027.30,1160077.20,1160534.60,1160534.60,1160534.60,1162543.80
135,2,17.512900000000002,"Medium SD (~17.5) - Interpolated",0,exponential,interp,17.5129,354.82,4,6,91.4,228.5,135,6,6.8829,6.9326,8.9406,446.40,397.46,840.00,228.50,706.59,654.50,706.59,654.50,676.91,590.96,678.43,390.07,5,6272.8,1163060.50,1163060.60,1163110.30,1169993.20,1163359.80,1169993.20,1172001.20
136,2,17.512900000000002,"Medium SD (~17.5) - Interpolated",0,exponential,interp,17.5129,354.82,4,7,91.4,228.5,315,7,0.8913,0.9415,2.9492,445.74,440.14,678.43,618.57,1022.76,335.52,1022.76,335.52,1008.62,327.56,840.00,457.00,0,4116.6,1172518.80,1172518.90,1172569.20,1173460.50,1173460.40,1173460.40,1175468.10
137,2,17.512900000000002,"Medium SD (~17.5) - Interpolated",0,exponential,interp,17.5129,354.82,5,0,91.4,388.45,0,0,0.4844,0.5337,2.5439,348.97,384.55,840.00,457.00,1188.30,435.38,1188.30,435.38,1224.04,437.15,1228.45,457.00,0,4345.8,1184343.00,1184993.00,1185042.40,1185526.80,1185526.70,1185526.70,1187536.90
138,2,17.512900000000002,"Medium SD (~17.5) - Interpolated",0,exponential,interp,17.5129,354.82,5,1,91.4,388.45,180,1,2.5903,2.5902,4.5906,797.34,758.37,1228.45,457.00,432.07,417.88,432.07,417.88,470.08,454.22,840.00,457.00,1,18561.5,1188046.00,1188060.60,1188060.60,1190650.90,1189901.60,1190650.80,1192651.20
139,2,17.512900000000002,"Medium SD (~17.5) - Interpolated",0,exponential,interp,17.5129,354.82,5,2,91.4,388.45,45,2,1.0148,1.0324,3.0406,760.35,710.81,451.55,457.00,1159.67,733.93,1159.67,733.93,1100.37,747.32,726.23,731.68,1,25477.2,1193169.00,1193169.10,1193186.80,1194201.60,1193526.30,1194201.50,1196209.70
140,2,17.512900000000002,"Medium SD (~17.5) - Interpolated",0,exponential,interp,17.5129,354.82,5,3,91.4,388.45,225,3,0.7740,0.7740,2.7829,736.96,744.23,1114.68,731.68,607.98,196.54,607.98,196.54,598.37,195.66,840.00,457.00,0,20899.0,1196727.30,1196727.40,1196727.40,1197501.40,1197501.40,1197501.40,1199510.30
141,2,17.512900000000002,"Medium SD (~17.5) - Interpolated",0,exponential,interp,17.5129,354.82,5,4,91.4,388.45,90,4,1.7245,1.7245,3.7321,691.58,733.98,565.32,182.32,862.56,806.77,862.56,806.77,871.08,849.59,565.32,570.77,0,3823.9,1200027.20,1200027.20,1200027.20,1201751.70,1201751.70,1201751.70,1203759.30
142,2,17.512900000000002,"Medium SD (~17.5) - Interpolated",0,exponential,interp,17.5129,354.82,5,5,91.4,388.45,270,5,1.6746,1.9905,3.9914,808.42,779.06,840.00,845.45,807.09,37.70,807.09,37.70,840.75,66.39,840.00,457.00,1,15512.4,1204268.60,1204268.70,1204584.60,1206259.20,1205017.30,1206259.20,1208260.10
143,2,17.512900000000002,"Medium SD (~17.5) - Interpolated",0,exponential,interp,17.5129,354.82,5,6,91.4,388.45,135,6,2.2472,2.2473,4.2478,683.58,736.05,840.00,68.55,554.75,689.77,554.75,689.77,582.90,758.23,565.32,343.23,0,9054.1,1208769.00,1208836.90,1208837.00,1211084.20,1211084.20,1211084.20,1213084.70
144,2,17.512900000000002,"Medium SD (~17.5) - Interpolated",0,exponential,interp,17.5129,354.82,5,7,91.4,388.45,315,7,8.6152,8.6152,10.6166,770.42,762.00,565.32,731.68,1140.20,218.77,1140.20,218.77,1129.02,218.94,840.00,457.00,8,35714.3,1213593.50,1213609.60,1213609.60,1222224.80,1214942.80,1222224.80,1224226.20
145,2,17.512900000000002,"Medium SD (~17.5) - Interpolated",1,oneEuro,interp,17.5129,340.32,0,0,27.419999999999998,228.5,0,0,3.7001,3.7001,5.7030,234.78,222.71,840.00,457.00,1074.46,469.18,1074.46,469.18,1062.70,459.70,1068.50,457.00,2,234.6,1233829.20,1234212.80,1234212.80,1237912.90,1236071.60,1237912.90,1239915.80
146,2,17.512900000000002,"Medium SD (~17.5) - Interpolated",1,oneEuro,interp,17.5129,340.32,0,1,27.419999999999998,228.5,180,1,2.4223,2.4223,4.4305,466.91,460.69,1068.50,457.00,601.65,449.57,601.65,449.57,607.81,457.18,840.00,457.00,0,444.6,1240422.50,1240424.10,1240424.10,1242846.40,1242846.40,1242846.40,1244854.60
147,2,17.512900000000002,"Medium SD (~17.5) - Interpolated",1,oneEuro,interp,17.5129,340.32,0,2,27.419999999999998,228.5,45,2,2.4984,2.4997,4.5073,412.11,419.87,611.50,457.00,995.61,606.33,995.61,606.33,998.08,620.84,773.07,618.57,1,460.1,1245363.90,1245364.00,1245365.30,1247863.70,1246913.10,1247863.70,1249871.30
148,2,17.512900000000002,"Medium SD (~17.5) - Interpolated",1,oneEuro,interp,17.5129,340.32,0,3,27.419999999999998,228.5,225,3,5.7236,5.7236,7.7236,444.19,453.07,1001.57,618.57,684.11,307.89,684.11,307.89,682.65,296.77,840.00,457.00,2,380.6,1250380.20,1250381.40,1250381.40,1256105.00,1252521.00,1256105.00,1258105.00
149,2,17.512900000000002,"Medium SD (~17.5) - Interpolated",1,oneEuro,interp,17.5129,340.32,0,4,27.419999999999998,228.5,90,4,2.2656,2.2671,4.2746,433.81,424.06,678.43,295.43,851.20,693.35,851.20,693.35,850.06,683.20,678.43,523.93,0,352.5,1258613.40,1258771.30,1258772.80,1261038.40,1261038.40,1261038.40,1263045.90
150,2,17.512900000000002,"Medium SD (~17.5) - Interpolated",1,oneEuro,interp,17.5129,340.32,0,5,27.419999999999998,228.5,270,5,3.3331,3.3331,5.3345,444.56,450.22,840.00,685.50,844.04,240.96,844.04,240.96,837.03,235.29,840.00,457.00,1,289.1,1263563.90,1263654.40,1263654.40,1266987.50,1266129.70,1266987.50,1268988.90
151,2,17.512900000000002,"Medium SD (~17.5) - Interpolated",1,oneEuro,interp,17.5129,340.32,0,6,27.419999999999998,228.5,135,6,3.1743,3.1745,5.1769,417.32,419.41,840.00,228.50,692.10,618.73,692.10,618.73,681.97,617.00,678.43,390.07,1,446.2,1269497.60,1269513.30,1269513.50,1272687.80,1271737.00,1272687.80,1274690.20
152,2,17.512900000000002,"Medium SD (~17.5) - Interpolated",1,oneEuro,interp,17.5129,340.32,0,7,27.419999999999998,228.5,315,7,3.4668,3.4668,5.4668,454.50,453.37,678.43,618.57,990.28,287.94,990.28,287.94,991.14,290.32,840.00,457.00,1,371.7,1275205.60,1275371.70,1275371.70,1278838.50,1277870.30,1278838.50,1280838.50
153,2,17.512900000000002,"Medium SD (~17.5) - Interpolated",1,oneEuro,interp,17.5129,340.32,1,0,27.419999999999998,411.3,0,0,4.0010,4.0010,6.0010,408.02,403.29,840.00,457.00,1247.81,470.12,1247.81,470.12,1243.26,462.12,1251.30,457.00,0,438.4,1287813.00,1288529.00,1288529.00,1292530.00,1292530.00,1292530.00,1294530.00
154,2,17.512900000000002,"Medium SD (~17.5) - Interpolated",1,oneEuro,interp,17.5129,340.32,1,1,27.419999999999998,411.3,180,1,5.2818,5.3074,7.3150,829.48,830.23,1251.30,457.00,421.90,445.27,421.90,445.27,421.07,454.04,840.00,457.00,2,1203.8,1295047.10,1295047.10,1295072.70,1300354.50,1298677.30,1300354.50,1302362.10
155,2,17.512900000000002,"Medium SD (~17.5) - Interpolated",1,oneEuro,interp,17.5129,340.32,1,2,27.419999999999998,411.3,45,2,9.6009,9.6009,11.6019,770.96,758.42,428.70,457.00,1137.76,759.66,1137.76,759.66,1128.58,749.18,719.53,747.83,3,980.6,1302880.00,1303145.40,1303145.40,1312746.30,1306905.00,1312746.30,1314747.30
156,2,17.512900000000002,"Medium SD (~17.5) - Interpolated",1,oneEuro,interp,17.5129,340.32,1,3,27.419999999999998,411.3,225,3,3.8837,4.2819,6.2819,817.92,829.68,1130.83,747.83,543.70,178.39,543.70,178.39,540.36,164.98,840.00,457.00,2,591.9,1315254.50,1315305.80,1315704.00,1319587.70,1317888.10,1319587.70,1321587.70
157,2,17.512900000000002,"Medium SD (~17.5) - Interpolated",1,oneEuro,interp,17.5129,340.32,1,4,27.419999999999998,411.3,90,4,3.8083,4.0495,6.0573,771.41,752.99,549.17,166.17,851.10,876.04,851.10,876.04,837.21,861.88,549.17,577.47,2,553.9,1322105.10,1322263.20,1322504.40,1326312.70,1324862.60,1326312.70,1328320.50
158,2,17.512900000000002,"Medium SD (~17.5) - Interpolated",1,oneEuro,interp,17.5129,340.32,1,5,27.419999999999998,411.3,270,5,7.0912,7.0912,9.0988,834.68,818.38,840.00,868.30,833.65,33.64,833.65,33.64,834.58,49.93,840.00,457.00,2,553.2,1328830.20,1328905.10,1328905.10,1335996.30,1331454.20,1335996.30,1338003.90
159,2,17.512900000000002,"Medium SD (~17.5) - Interpolated",1,oneEuro,interp,17.5129,340.32,1,6,27.419999999999998,411.3,135,6,9.8917,9.8917,11.9002,766.49,760.24,840.00,45.70,557.70,758.31,557.70,758.31,550.66,748.73,549.17,336.53,3,582.5,1338521.40,1338804.20,1338804.20,1348695.90,1343619.90,1348695.90,1350704.40
160,2,17.512900000000002,"Medium SD (~17.5) - Interpolated",1,oneEuro,interp,17.5129,340.32,1,7,27.419999999999998,411.3,315,7,2.5168,2.5168,4.5179,834.06,818.29,549.17,747.83,1143.84,163.01,1143.84,163.01,1129.32,170.75,840.00,457.00,1,744.7,1351213.80,1351653.90,1351653.90,1354170.70,1353071.00,1354170.70,1356171.80
161,2,17.512900000000002,"Medium SD (~17.5) - Interpolated",1,oneEuro,interp,17.5129,340.32,2,0,54.839999999999996,228.5,0,0,0.8190,0.8185,2.8197,206.09,215.62,840.00,457.00,1045.73,469.15,1045.66,469.15,1055.24,469.87,1068.50,457.00,0,172.2,1363061.20,1363436.60,1363436.60,1364255.60,1364255.10,1364255.10,1366256.30
162,2,17.512900000000002,"Medium SD (~17.5) - Interpolated",1,oneEuro,interp,17.5129,340.32,2,1,54.839999999999996,228.5,180,1,2.2568,2.2580,4.2662,483.25,449.86,1068.50,457.00,585.31,464.69,585.31,464.69,618.69,463.61,840.00,457.00,1,436.9,1366771.10,1366771.30,1366772.50,1369029.30,1367912.30,1369029.30,1371037.50
163,2,17.512900000000002,"Medium SD (~17.5) - Interpolated",1,oneEuro,interp,17.5129,340.32,2,2,54.839999999999996,228.5,45,2,1.4824,1.4838,3.4915,396.16,412.72,611.50,457.00,979.87,602.76,979.87,602.76,998.42,600.63,773.07,618.57,0,539.2,1371554.50,1372012.00,1372013.50,1373495.90,1373495.80,1373495.80,1375503.50
164,2,17.512900000000002,"Medium SD (~17.5) - Interpolated",1,oneEuro,interp,17.5129,340.32,2,3,54.839999999999996,228.5,225,3,1.3692,1.3691,3.3755,450.83,466.70,1001.57,618.57,701.89,281.77,701.89,281.77,674.14,286.01,840.00,457.00,0,378.4,1376021.20,1376087.40,1376087.40,1377456.60,1377456.50,1377456.50,1379462.90
165,2,17.512900000000002,"Medium SD (~17.5) - Interpolated",1,oneEuro,interp,17.5129,340.32,2,4,54.839999999999996,228.5,90,4,2.4143,2.4143,4.4233,449.41,414.59,678.43,295.43,849.98,710.80,849.98,710.80,830.19,681.24,678.43,523.93,1,339.1,1379972.10,1379972.10,1379972.10,1382386.40,1381270.80,1382386.40,1384395.40
166,2,17.512900000000002,"Medium SD (~17.5) - Interpolated",1,oneEuro,interp,17.5129,340.32,2,5,54.839999999999996,228.5,270,5,2.0841,2.0840,4.0840,480.37,455.58,840.00,685.50,854.46,205.35,854.46,205.35,836.33,229.94,840.00,457.00,1,389.5,1384912.50,1385261.20,1385261.20,1387345.30,1386245.10,1387345.20,1389345.20
167,2,17.512900000000002,"Medium SD (~17.5) - Interpolated",1,oneEuro,interp,17.5129,340.32,2,6,54.839999999999996,228.5,135,6,1.4820,1.4826,3.4904,395.18,419.68,840.00,228.50,691.17,594.58,691.18,594.55,683.78,618.02,678.43,390.07,0,326.9,1389862.70,1389862.80,1389864.10,1391346.10,1391345.40,1391345.40,1393353.20
168,2,17.512900000000002,"Medium SD (~17.5) - Interpolated",1,oneEuro,interp,17.5129,340.32,2,7,54.839999999999996,228.5,315,7,3.4230,3.4230,5.4230,450.81,443.47,678.43,618.57,1015.23,318.92,1015.23,318.92,992.79,305.78,840.00,457.00,2,318.6,1393862.40,1393863.80,1393863.80,1397286.80,1395020.00,1397286.80,1399286.80
169,2,17.512900000000002,"Medium SD (~17.5) - Interpolated",1,oneEuro,interp,17.5129,340.32,3,0,54.839999999999996,406.72999999999996,0,0,1.2328,1.2327,3.2328,381.45,406.89,840.00,457.00,1221.34,447.93,1221.34,447.93,1246.75,467.82,1246.73,457.00,0,263.5,1407786.50,1408146.50,1408146.50,1409379.30,1409379.20,1409379.20,1411379.30
170,2,17.512900000000002,"Medium SD (~17.5) - Interpolated",1,oneEuro,interp,17.5129,340.32,3,1,54.839999999999996,406.72999999999996,180,1,6.6337,6.6337,8.6422,798.40,825.05,1246.73,457.00,448.65,479.67,448.65,479.67,421.69,461.13,840.00,457.00,3,496.4,1411888.20,1411903.20,1411903.20,1418536.90,1413669.90,1418536.90,1420545.40
171,2,17.512900000000002,"Medium SD (~17.5) - Interpolated",1,oneEuro,interp,17.5129,340.32,3,2,54.839999999999996,406.72999999999996,45,2,4.4150,4.4150,6.4264,749.62,753.55,433.27,457.00,1115.23,768.24,1115.23,768.24,1125.16,755.56,720.87,744.60,2,632.1,1421062.30,1421162.30,1421162.30,1425577.30,1422362.00,1425577.30,1427588.70
172,2,17.512900000000002,"Medium SD (~17.5) - Interpolated",1,oneEuro,interp,17.5129,340.32,3,3,54.839999999999996,406.72999999999996,225,3,3.1652,3.1660,5.1660,802.37,797.79,1127.60,744.60,578.05,159.98,578.09,159.97,562.23,181.72,840.00,457.00,0,605.1,1428103.80,1428103.90,1428105.20,1431270.40,1431269.90,1431269.90,1433269.90
173,2,17.512900000000002,"Medium SD (~17.5) - Interpolated",1,oneEuro,interp,17.5129,340.32,3,4,54.839999999999996,406.72999999999996,90,4,6.1174,6.1168,8.1170,755.52,744.44,552.40,169.40,816.83,877.14,816.77,877.12,839.61,856.20,552.40,576.13,2,819.6,1433787.40,1433911.80,1433911.80,1440029.20,1436636.80,1440028.60,1442028.80
174,2,17.512900000000002,"Medium SD (~17.5) - Interpolated",1,oneEuro,interp,17.5129,340.32,3,5,54.839999999999996,406.72999999999996,270,5,3.9755,3.9748,5.9829,787.14,790.63,840.00,863.73,846.60,76.61,846.64,76.66,850.94,73.17,840.00,457.00,2,813.6,1442537.50,1442553.50,1442553.50,1446529.00,1443652.80,1446528.30,1448536.40
175,2,17.512900000000002,"Medium SD (~17.5) - Interpolated",1,oneEuro,interp,17.5129,340.32,3,6,54.839999999999996,406.72999999999996,135,6,3.7225,3.7239,5.7243,769.42,759.33,840.00,50.27,564.62,768.72,564.62,768.72,561.51,756.69,552.40,337.87,1,756.2,1449054.20,1449054.30,1449055.70,1452778.20,1450428.60,1452778.20,1454778.60
176,2,17.512900000000002,"Medium SD (~17.5) - Interpolated",1,oneEuro,interp,17.5129,340.32,3,7,54.839999999999996,406.72999999999996,315,7,2.5483,2.5483,4.5484,831.30,800.56,552.40,744.60,1128.22,145.02,1128.22,145.02,1125.28,185.40,840.00,457.00,1,602.2,1455287.20,1455288.40,1455288.40,1457836.70,1456819.60,1457836.70,1459836.80
177,2,17.512900000000002,"Medium SD (~17.5) - Interpolated",1,oneEuro,interp,17.5129,340.32,4,0,91.4,228.5,0,0,1.7150,1.7150,3.7230,273.22,208.52,840.00,457.00,1113.05,466.61,1113.05,466.61,1048.30,447.54,1068.50,457.00,1,428.6,1467420.50,1467713.40,1467713.40,1469428.40,1468110.70,1469428.40,1471436.40
178,2,17.512900000000002,"Medium SD (~17.5) - Interpolated",1,oneEuro,interp,17.5129,340.32,4,1,91.4,228.5,180,1,9.5572,9.5581,11.5585,419.08,458.08,1068.50,457.00,650.08,480.53,650.11,480.63,610.89,436.44,840.00,457.00,6,326.6,1471953.50,1471953.50,1471954.90,1481512.10,1472461.50,1481511.60,1483512.00
179,2,17.512900000000002,"Medium SD (~17.5) - Interpolated",1,oneEuro,interp,17.5129,340.32,4,2,91.4,228.5,45,2,1.5992,1.5992,3.6082,385.84,408.44,611.50,457.00,977.16,580.13,977.16,580.13,985.34,621.51,773.07,618.57,0,373.2,1484028.30,1484153.20,1484153.20,1485752.40,1485752.40,1485752.40,1487761.40
180,2,17.512900000000002,"Medium SD (~17.5) - Interpolated",1,oneEuro,interp,17.5129,340.32,4,3,91.4,228.5,225,3,0.9081,0.9080,2.9089,422.12,445.66,1001.57,618.57,684.55,339.86,684.55,339.86,680.94,309.05,840.00,457.00,0,387.0,1488278.70,1488527.40,1488527.40,1489435.50,1489435.40,1489435.40,1491436.30
181,2,17.512900000000002,"Medium SD (~17.5) - Interpolated",1,oneEuro,interp,17.5129,340.32,4,4,91.4,228.5,90,4,2.2992,2.2986,4.3077,466.38,421.86,678.43,295.43,851.21,728.61,851.25,728.70,845.18,682.93,678.43,523.93,1,469.2,1491945.60,1491945.70,1491945.70,1494244.90,1492878.90,1494244.30,1496253.40
182,2,17.512900000000002,"Medium SD (~17.5) - Interpolated",1,oneEuro,interp,17.5129,340.32,4,5,91.4,228.5,270,5,2.6980,2.6980,4.7076,413.40,440.11,840.00,685.50,832.35,272.17,832.35,272.17,813.49,246.18,840.00,457.00,2,492.5,1496770.70,1496770.70,1496770.80,1499468.80,1497478.00,1499468.70,1501478.30
183,2,17.512900000000002,"Medium SD (~17.5) - Interpolated",1,oneEuro,interp,17.5129,340.32,4,6,91.4,228.5,135,6,1.5915,1.5915,3.5931,425.89,434.88,840.00,228.50,636.26,602.49,636.26,602.49,682.47,633.84,678.43,390.07,0,414.8,1501987.80,1502037.20,1502037.20,1503628.70,1503628.70,1503628.70,1505630.30
184,2,17.512900000000002,"Medium SD (~17.5) - Interpolated",1,oneEuro,interp,17.5129,340.32,4,7,91.4,228.5,315,7,0.8002,0.8001,2.8004,415.59,483.62,678.43,618.57,975.79,328.25,975.79,328.25,1010.58,267.06,840.00,457.00,0,535.8,1506145.70,1506395.60,1506395.60,1507195.80,1507195.70,1507195.70,1509196.00
185,2,17.512900000000002,"Medium SD (~17.5) - Interpolated",1,oneEuro,interp,17.5129,340.32,5,0,91.4,388.45,0,0,0.8323,0.8323,2.8404,344.80,404.26,840.00,457.00,1184.62,446.01,1184.62,446.01,1243.81,476.17,1228.45,457.00,0,381.1,1514411.00,1514729.90,1514729.90,1515562.20,1515562.20,1515562.20,1517570.30
186,2,17.512900000000002,"Medium SD (~17.5) - Interpolated",1,oneEuro,interp,17.5129,340.32,5,1,91.4,388.45,180,1,2.7078,2.7078,4.7081,818.29,779.45,1228.45,457.00,410.40,476.67,410.40,476.67,449.85,493.52,840.00,457.00,1,635.4,1518086.50,1518262.30,1518262.30,1520970.10,1519485.80,1520970.10,1522970.40
187,2,17.512900000000002,"Medium SD (~17.5) - Interpolated",1,oneEuro,interp,17.5129,340.32,5,2,91.4,388.45,45,2,1.9002,2.0073,4.0163,683.54,719.08,451.55,457.00,1072.62,742.48,1072.51,742.43,1101.85,763.91,726.23,731.68,0,433.6,1523487.00,1523487.00,1523595.00,1525495.20,1525494.30,1525494.30,1527503.30
188,2,17.512900000000002,"Medium SD (~17.5) - Interpolated",1,oneEuro,interp,17.5129,340.32,5,3,91.4,388.45,225,3,1.3394,1.3392,3.3507,731.84,781.27,1114.68,731.68,594.45,216.94,594.45,216.94,563.77,177.70,840.00,457.00,0,562.7,1528019.20,1528369.60,1528369.60,1529709.00,1529708.80,1529708.80,1531720.30
189,2,17.512900000000002,"Medium SD (~17.5) - Interpolated",1,oneEuro,interp,17.5129,340.32,5,4,91.4,388.45,90,4,1.4325,1.4325,3.4403,731.83,714.86,565.32,182.32,885.26,840.52,885.26,840.52,852.08,837.14,565.32,570.77,0,652.3,1532229.50,1532229.60,1532229.60,1533662.10,1533662.10,1533662.10,1535669.90
190,2,17.512900000000002,"Medium SD (~17.5) - Interpolated",1,oneEuro,interp,17.5129,340.32,5,5,91.4,388.45,270,5,2.4935,2.4935,4.5081,821.55,750.94,840.00,845.45,841.73,23.91,841.73,23.91,842.86,94.52,840.00,457.00,1,723.8,1536179.10,1536244.90,1536244.90,1538738.40,1537810.70,1538738.40,1540753.00
191,2,17.512900000000002,"Medium SD (~17.5) - Interpolated",1,oneEuro,interp,17.5129,340.32,5,6,91.4,388.45,135,6,1.5168,1.5156,3.5243,676.24,727.58,840.00,68.55,592.91,698.03,593.01,697.91,560.83,740.44,565.32,343.23,0,501.2,1541262.10,1541262.10,1541262.10,1542778.90,1542777.70,1542777.70,1544786.40
192,2,17.512900000000002,"Medium SD (~17.5) - Interpolated",1,oneEuro,interp,17.5129,340.32,5,7,91.4,388.45,315,7,1.4840,1.4827,3.4918,763.49,790.42,565.32,731.68,1074.64,162.89,1074.40,162.98,1113.09,161.84,840.00,457.00,0,444.3,1545295.40,1546003.10,1546003.10,1547487.10,1547485.80,1547485.80,1549494.90
193,3,31.80328,"High SD (~31.8) - Interpolated",0,exponential,interp,31.8033,31.92,0,0,27.419999999999998,228.5,0,0,3.8276,3.8260,5.8273,231.66,228.55,840.00,457.00,1071.36,468.81,1071.89,469.76,1068.55,458.16,1068.50,457.00,3,1400.8,1561253.50,1561627.30,1561627.30,1565454.90,1561845.10,1565453.30,1567454.60
194,3,31.80328,"High SD (~31.8) - Interpolated",0,exponential,interp,31.8033,31.92,0,1,27.419999999999998,228.5,180,1,1.9977,1.9989,4.0077,444.00,455.85,1068.50,457.00,624.52,453.05,624.52,453.05,612.66,459.60,840.00,457.00,1,1704.7,1567969.80,1567969.90,1567971.20,1569968.90,1568877.50,1569968.80,1571977.60
195,3,31.80328,"High SD (~31.8) - Interpolated",0,exponential,interp,31.8033,31.92,0,2,27.419999999999998,228.5,45,2,2.4317,2.4318,4.4324,435.79,411.00,611.50,457.00,1014.42,623.03,1014.42,623.03,992.11,612.12,773.07,618.57,2,1208.3,1572496.20,1572496.20,1572496.30,1574928.00,1574145.00,1574928.00,1576928.60
196,3,31.80328,"High SD (~31.8) - Interpolated",0,exponential,interp,31.8033,31.92,0,3,27.419999999999998,228.5,225,3,6.2564,6.3988,8.3991,467.02,457.14,1001.57,618.57,676.28,283.48,676.28,283.48,677.37,296.28,840.00,457.00,3,2056.1,1577437.00,1577544.40,1577686.80,1583943.20,1580170.60,1583943.20,1585943.50
197,3,31.80328,"High SD (~31.8) - Interpolated",0,exponential,interp,31.8033,31.92,0,4,27.419999999999998,228.5,90,4,9.7688,9.8192,11.8197,408.71,412.06,678.43,295.43,834.35,673.23,834.35,673.23,840.42,674.31,678.43,523.93,6,6747.5,1586453.80,1586453.90,1586504.30,1596273.10,1587069.20,1596273.10,1598273.60
198,3,31.80328,"High SD (~31.8) - Interpolated",0,exponential,interp,31.8033,31.92,0,5,27.419999999999998,228.5,270,5,7.1122,7.1122,9.1205,463.22,461.25,840.00,685.50,828.50,222.43,828.50,222.43,833.42,224.29,840.00,457.00,7,10984.8,1598783.90,1598797.90,1598797.90,1605910.10,1599640.00,1605910.10,1607918.40
199,3,31.80328,"High SD (~31.8) - Interpolated",0,exponential,interp,31.8033,31.92,0,6,27.419999999999998,228.5,135,6,2.9150,2.9303,4.9306,425.81,420.21,840.00,228.50,688.66,626.50,688.66,626.50,688.61,620.49,678.43,390.07,1,5360.5,1608428.00,1608462.90,1608478.20,1611393.20,1610893.20,1611393.20,1613393.50
200,3,31.80328,"High SD (~31.8) - Interpolated",0,exponential,interp,31.8033,31.92,0,7,27.419999999999998,228.5,315,7,2.4156,2.4664,4.4671,460.68,453.85,678.43,618.57,994.94,283.84,994.94,283.84,998.07,296.38,840.00,457.00,1,7342.6,1613910.00,1613910.10,1613960.90,1616376.50,1615814.20,1616376.50,1618377.20
201,3,31.80328,"High SD (~31.8) - Interpolated",0,exponential,interp,31.8033,31.92,1,0,27.419999999999998,411.3,0,0,4.1330,4.1330,6.1421,400.70,404.97,840.00,457.00,1240.62,448.73,1240.62,448.73,1244.97,458.42,1251.30,457.00,2,5133.6,1626243.50,1626619.00,1626619.00,1630752.00,1628123.10,1630752.00,1632761.10
202,3,31.80328,"High SD (~31.8) - Interpolated",0,exponential,interp,31.8033,31.92,1,1,27.419999999999998,411.3,180,1,3.3421,3.3922,5.3991,831.69,826.22,1251.30,457.00,419.66,447.44,419.66,447.44,425.13,447.87,840.00,457.00,2,8992.6,1633277.50,1633277.50,1633327.60,1636669.70,1635351.60,1636669.70,1638676.60
203,3,31.80328,"High SD (~31.8) - Interpolated",0,exponential,interp,31.8033,31.92,1,2,27.419999999999998,411.3,45,2,1.1820,1.1820,3.1903,747.42,766.18,428.70,457.00,1120.14,740.80,1120.14,740.80,1135.52,752.69,719.53,747.83,0,12667.7,1639194.70,1639194.80,1639194.80,1640376.80,1640376.80,1640376.80,1642385.10
204,3,31.80328,"High SD (~31.8) - Interpolated",0,exponential,interp,31.8033,31.92,1,3,27.419999999999998,411.3,225,3,3.9067,3.9568,5.9662,811.20,820.81,1130.83,747.83,553.37,178.12,553.37,178.12,550.29,167.58,840.00,457.00,2,8814.7,1642902.60,1642902.60,1642952.70,1646859.40,1645218.60,1646859.40,1648868.80
205,3,31.80328,"High SD (~31.8) - Interpolated",0,exponential,interp,31.8033,31.92,1,4,27.419999999999998,411.3,90,4,4.5074,4.5076,6.5235,772.22,757.65,549.17,166.17,850.08,877.35,850.08,877.35,846.47,863.05,549.17,577.47,5,10849.1,1649385.50,1649385.60,1649385.80,1653893.20,1650585.00,1653893.20,1655909.10
206,3,31.80328,"High SD (~31.8) - Interpolated",0,exponential,interp,31.8033,31.92,1,5,27.419999999999998,411.3,270,5,6.0547,6.0712,8.0713,809.79,822.65,840.00,868.30,844.65,58.52,844.65,58.52,829.98,45.71,840.00,457.00,3,12345.8,1656418.40,1656418.50,1656435.00,1662489.70,1659139.50,1662489.70,1664489.80
207,3,31.80328,"High SD (~31.8) - Interpolated",0,exponential,interp,31.8033,31.92,1,6,27.419999999999998,411.3,135,6,3.1334,3.1334,5.1414,747.60,757.94,840.00,45.70,558.70,738.36,558.70,738.36,558.70,749.51,549.17,336.53,1,9993.6,1665006.90,1665022.20,1665022.20,1668155.60,1666813.60,1668155.60,1670163.60
208,3,31.80328,"High SD (~31.8) - Interpolated",0,exponential,interp,31.8033,31.92,1,7,27.419999999999998,411.3,315,7,3.4081,3.7992,5.8079,818.93,818.47,549.17,747.83,1137.45,178.12,1137.45,178.12,1122.69,163.92,840.00,457.00,2,11374.7,1670681.20,1670681.20,1671072.30,1674480.40,1672572.20,1674480.40,1676489.10
209,3,31.80328,"High SD (~31.8) - Interpolated",0,exponential,interp,31.8033,31.92,2,0,54.839999999999996,228.5,0,0,6.4393,6.4396,8.4475,215.62,219.83,840.00,457.00,1054.36,433.75,1054.36,433.75,1059.81,460.11,1068.50,457.00,4,6027.1,1685709.60,1686270.00,1686270.30,1692709.60,1686476.30,1692709.60,1694717.50
210,3,31.80328,"High SD (~31.8) - Interpolated",0,exponential,interp,31.8033,31.92,2,1,54.839999999999996,228.5,180,1,4.5237,4.5238,6.5331,441.58,455.26,1068.50,457.00,627.40,477.61,627.40,477.61,613.43,443.98,840.00,457.00,2,10195.0,1695226.00,1695318.10,1695318.20,1699841.90,1698484.60,1699841.90,1701851.20
211,3,31.80328,"High SD (~31.8) - Interpolated",0,exponential,interp,31.8033,31.92,2,2,54.839999999999996,228.5,45,2,0.9068,0.9575,2.9663,396.13,415.56,611.50,457.00,977.94,607.46,977.94,607.46,993.73,620.05,773.07,618.57,0,4580.6,1702360.50,1702360.50,1702411.20,1703318.00,1703318.00,1703318.00,1705326.80
212,3,31.80328,"High SD (~31.8) - Interpolated",0,exponential,interp,31.8033,31.92,2,3,54.839999999999996,228.5,225,3,2.4409,2.5574,4.5664,429.69,456.51,1001.57,618.57,697.47,315.00,697.47,315.00,676.42,298.15,840.00,457.00,0,3236.2,1705842.70,1705842.80,1705959.30,1708400.20,1708400.20,1708400.20,1710409.20
213,3,31.80328,"High SD (~31.8) - Interpolated",0,exponential,interp,31.8033,31.92,2,4,54.839999999999996,228.5,90,4,10.8480,10.8975,12.8999,434.95,429.99,678.43,295.43,863.19,689.19,863.19,689.19,856.94,686.61,678.43,523.93,6,21180.5,1710918.40,1710919.80,1710969.30,1721817.30,1711925.50,1721817.30,1723819.70
214,3,31.80328,"High SD (~31.8) - Interpolated",0,exponential,interp,31.8033,31.92,2,5,54.839999999999996,228.5,270,5,1.5639,1.5652,3.5736,475.52,446.92,840.00,685.50,819.50,210.42,819.50,210.42,843.05,238.59,840.00,457.00,1,6559.5,1724343.50,1724343.60,1724344.90,1725908.80,1725742.10,1725908.80,1727917.20
215,3,31.80328,"High SD (~31.8) - Interpolated",0,exponential,interp,31.8033,31.92,2,6,54.839999999999996,228.5,135,6,2.1472,2.1472,4.1486,394.99,409.75,840.00,228.50,691.68,594.59,691.68,594.59,679.56,605.54,678.43,390.07,0,9117.3,1728426.60,1728428.20,1728428.20,1730575.40,1730575.40,1730575.40,1732576.80
216,3,31.80328,"High SD (~31.8) - Interpolated",0,exponential,interp,31.8033,31.92,2,7,54.839999999999996,228.5,315,7,1.4737,1.4750,3.4830,432.13,446.37,678.43,618.57,976.36,305.57,976.36,305.57,989.71,298.65,840.00,457.00,0,9749.4,1733085.40,1733334.50,1733335.80,1734809.50,1734809.50,1734809.50,1736817.50
217,3,31.80328,"High SD (~31.8) - Interpolated",0,exponential,interp,31.8033,31.92,3,0,54.839999999999996,406.72999999999996,0,0,0.9588,0.9581,2.9667,386.22,392.76,840.00,457.00,1225.99,443.74,1225.03,442.72,1232.42,440.85,1246.73,457.00,0,4564.4,1750700.60,1751067.00,1751067.00,1752025.80,1752025.10,1752025.10,1754033.70
218,3,31.80328,"High SD (~31.8) - Interpolated",0,exponential,interp,31.8033,31.92,3,1,54.839999999999996,406.72999999999996,180,1,4.6974,4.7649,6.7743,826.39,809.15,1246.73,457.00,420.62,435.41,420.38,434.48,437.64,466.68,840.00,457.00,4,6636.3,1754543.10,1754543.20,1754611.30,1759308.70,1755434.30,1759308.10,1761317.50
219,3,31.80328,"High SD (~31.8) - Interpolated",0,exponential,interp,31.8033,31.92,3,2,54.839999999999996,406.72999999999996,45,2,2.6083,2.6083,4.6160,727.18,746.62,433.27,457.00,1109.26,725.02,1109.26,725.02,1127.96,730.57,720.87,744.60,0,12440.1,1761827.00,1762117.40,1762117.40,1764725.70,1764725.70,1764725.70,1766733.40
220,3,31.80328,"High SD (~31.8) - Interpolated",0,exponential,interp,31.8033,31.92,3,3,54.839999999999996,406.72999999999996,225,3,5.1480,5.1977,7.1977,790.35,808.00,1127.60,744.60,570.42,184.08,571.53,186.34,553.86,175.67,840.00,457.00,2,16695.6,1767242.80,1767244.10,1767294.40,1772442.40,1769933.80,1772441.80,1774441.80
221,3,31.80328,"High SD (~31.8) - Interpolated",0,exponential,interp,31.8033,31.92,3,4,54.839999999999996,406.72999999999996,90,4,1.2910,1.2924,3.3001,726.15,740.68,552.40,169.40,831.25,839.88,831.25,839.88,840.89,851.59,552.40,576.13,0,12716.3,1774951.60,1775208.40,1775209.80,1776500.80,1776500.80,1776500.80,1778508.50
222,3,31.80328,"High SD (~31.8) - Interpolated",0,exponential,interp,31.8033,31.92,3,5,54.839999999999996,406.72999999999996,270,5,3.9659,3.9659,5.9661,789.90,815.64,840.00,863.73,851.96,73.92,851.96,73.92,841.08,48.09,840.00,457.00,2,7966.7,1779017.60,1779017.60,1779017.60,1782983.50,1780434.20,1782983.50,1784983.70
223,3,31.80328,"High SD (~31.8) - Interpolated",0,exponential,interp,31.8033,31.92,3,6,54.839999999999996,406.72999999999996,135,6,6.1652,6.1653,8.1653,757.94,744.11,840.00,50.27,573.98,759.99,573.98,759.99,553.20,736.89,552.40,337.87,6,8057.3,1785501.90,1785502.00,1785502.10,1791667.30,1786958.70,1791667.30,1793667.30
224,3,31.80328,"High SD (~31.8) - Interpolated",0,exponential,interp,31.8033,31.92,3,7,54.839999999999996,406.72999999999996,315,7,6.1988,6.5326,8.5336,790.79,809.11,552.40,744.60,1121.25,195.27,1121.25,195.27,1126.26,174.21,840.00,457.00,4,13338.6,1794176.40,1794176.40,1794510.20,1800709.00,1795759.00,1800709.00,1802710.00
225,3,31.80328,"High SD (~31.8) - Interpolated",0,exponential,interp,31.8033,31.92,4,0,91.4,228.5,0,0,3.2979,3.3151,5.3151,185.03,209.95,840.00,457.00,1024.60,444.48,1024.60,444.48,1049.94,459.41,1068.50,457.00,3,2707.6,1807942.70,1808102.10,1808119.30,1811417.20,1808491.90,1811417.20,1813417.20
226,3,31.80328,"High SD (~31.8) - Interpolated",0,exponential,interp,31.8033,31.92,4,1,91.4,228.5,180,1,1.7919,1.7919,3.7924,421.17,425.68,1068.50,457.00,648.11,482.72,648.11,482.72,643.21,475.04,840.00,457.00,2,6644.4,1813926.50,1813941.70,1813941.70,1815733.60,1814175.10,1815733.60,1817734.10
227,3,31.80328,"High SD (~31.8) - Interpolated",0,exponential,interp,31.8033,31.92,4,2,91.4,228.5,45,2,1.2896,1.2896,3.2896,378.97,391.83,611.50,457.00,956.21,614.47,956.21,614.47,973.05,608.03,773.07,618.57,1,4888.0,1818243.80,1818243.80,1818243.80,1819533.40,1818491.70,1819533.40,1821533.40
228,3,31.80328,"High SD (~31.8) - Interpolated",0,exponential,interp,31.8033,31.92,4,3,91.4,228.5,225,3,2.9315,2.9332,4.9340,411.67,430.56,1001.57,618.57,708.26,329.71,708.26,329.71,688.49,323.00,840.00,457.00,2,6299.6,1822050.90,1822050.90,1822052.60,1824984.10,1822266.50,1824984.10,1826984.90
229,3,31.80328,"High SD (~31.8) - Interpolated",0,exponential,interp,31.8033,31.92,4,4,91.4,228.5,90,4,0.7075,0.7091,2.7092,386.82,424.28,678.43,295.43,803.45,661.49,803.45,661.49,841.12,687.28,678.43,523.93,0,2482.6,1827493.70,1827508.20,1827509.80,1828217.30,1828217.30,1828217.30,1830217.40
230,3,31.80328,"High SD (~31.8) - Interpolated",0,exponential,interp,31.8033,31.92,4,5,91.4,228.5,270,5,0.3974,0.3988,2.4069,446.88,431.18,840.00,685.50,797.56,240.64,797.56,240.64,820.22,254.77,840.00,457.00,0,5001.0,1830734.40,1830734.40,1830735.80,1831133.20,1831133.20,1831133.20,1833141.30
231,3,31.80328,"High SD (~31.8) - Interpolated",0,exponential,interp,31.8033,31.92,4,6,91.4,228.5,135,6,5.3898,5.3893,7.3989,399.09,400.55,840.00,228.50,654.91,582.08,653.73,581.63,695.78,602.18,678.43,390.07,4,6116.7,1833659.80,1833659.80,1833659.90,1839049.70,1833659.80,1839049.10,1841058.70
232,3,31.80328,"High SD (~31.8) - Interpolated",0,exponential,interp,31.8033,31.92,4,7,91.4,228.5,315,7,1.0985,1.1495,3.1582,426.30,420.39,678.43,618.57,958.33,297.04,958.33,297.04,989.90,336.24,840.00,457.00,0,2718.0,1841575.70,1841575.80,1841626.80,1842725.30,1842725.30,1842725.30,1844734.00
233,3,31.80328,"High SD (~31.8) - Interpolated",0,exponential,interp,31.8033,31.92,5,0,91.4,388.45,0,0,2.1338,2.1814,4.1814,364.75,363.43,840.00,457.00,1202.85,419.85,1202.85,419.85,1203.41,453.19,1228.45,457.00,1,5548.6,1851816.70,1852135.10,1852182.70,1854316.50,1853158.10,1854316.50,1856316.50
234,3,31.80328,"High SD (~31.8) - Interpolated",0,exponential,interp,31.8033,31.92,5,1,91.4,388.45,180,1,4.0655,4.0655,6.0665,757.64,771.33,1228.45,457.00,471.76,494.88,471.76,494.88,457.38,477.23,840.00,457.00,4,5836.3,1856834.30,1856834.40,1856834.40,1860899.90,1858383.20,1860899.90,1862900.90
235,3,31.80328,"High SD (~31.8) - Interpolated",0,exponential,interp,31.8033,31.92,5,2,91.4,388.45,45,2,6.2417,6.2573,8.2659,719.33,720.29,451.55,457.00,1132.20,689.72,1132.20,689.72,1121.76,720.89,726.23,731.68,4,15083.6,1863410.60,1863533.70,1863549.30,1869791.00,1864300.10,1869791.00,1871799.60
236,3,31.80328,"High SD (~31.8) - Interpolated",0,exponential,interp,31.8033,31.92,5,3,91.4,388.45,225,3,4.2901,4.3402,6.3408,733.39,770.01,1114.68,731.68,599.23,209.97,599.56,211.06,570.15,187.25,840.00,457.00,1,5398.3,1872317.00,1872317.10,1872368.10,1876658.20,1873633.70,1876657.30,1878657.90
237,3,31.80328,"High SD (~31.8) - Interpolated",0,exponential,interp,31.8033,31.92,5,4,91.4,388.45,90,4,1.0579,1.0579,3.0583,690.10,698.72,565.32,182.32,801.82,830.64,801.82,830.64,824.60,831.16,565.32,570.77,0,8977.8,1879167.30,1879607.70,1879607.70,1880665.60,1880665.60,1880665.60,1882666.00
238,3,31.80328,"High SD (~31.8) - Interpolated",0,exponential,interp,31.8033,31.92,5,5,91.4,388.45,270,5,0.3573,0.3587,2.3658,733.90,770.47,840.00,845.45,825.30,111.70,825.30,111.70,821.97,75.19,840.00,457.00,0,11827.2,1883175.60,1883524.60,1883526.00,1883883.30,1883883.30,1883883.30,1885890.40
239,3,31.80328,"High SD (~31.8) - Interpolated",0,exponential,interp,31.8033,31.92,5,6,91.4,388.45,135,6,1.0585,1.0743,3.0754,726.71,696.02,840.00,68.55,603.72,755.78,603.72,755.78,579.36,713.93,565.32,343.23,1,6486.9,1886409.20,1886409.40,1886425.20,1887483.70,1887099.40,1887483.70,1889484.80
240,3,31.80328,"High SD (~31.8) - Interpolated",0,exponential,interp,31.8033,31.92,5,7,91.4,388.45,315,7,1.2825,1.2833,3.2907,754.88,758.73,565.32,731.68,1071.09,171.27,1070.13,173.06,1107.29,200.68,840.00,457.00,0,11894.5,1889999.80,1889999.80,1890001.20,1891283.70,1891283.10,1891283.10,1893290.50
241,3,31.80328,"High SD (~31.8) - Interpolated",1,oneEuro,interp,31.8033,101.92,0,0,27.419999999999998,228.5,0,0,2.1404,2.1404,4.1490,215.97,224.37,840.00,457.00,1055.91,452.17,1055.91,452.17,1064.35,454.13,1068.50,457.00,1,488.7,1902108.30,1902308.70,1902308.70,1904449.10,1903616.10,1904449.10,1906457.70
242,3,31.80328,"High SD (~31.8) - Interpolated",1,oneEuro,interp,31.8033,101.92,0,1,27.419999999999998,228.5,180,1,4.0508,4.0502,6.0502,450.83,447.26,1068.50,457.00,617.80,446.01,617.75,445.90,621.24,455.04,840.00,457.00,3,1116.0,1906974.20,1907407.80,1907407.80,1911458.60,1908891.10,1911458.00,1913458.00
243,3,31.80328,"High SD (~31.8) - Interpolated",1,oneEuro,interp,31.8033,101.92,0,2,27.419999999999998,228.5,45,2,3.8643,3.8656,5.8733,432.66,418.32,611.50,457.00,1007.99,630.16,1007.99,630.16,1001.39,608.58,773.07,618.57,4,2168.9,1913967.10,1913967.10,1913968.40,1917832.70,1915057.40,1917832.70,1919840.40
244,3,31.80328,"High SD (~31.8) - Interpolated",1,oneEuro,interp,31.8033,101.92,0,3,27.419999999999998,228.5,225,3,8.7991,8.7991,10.7997,443.35,452.54,1001.57,618.57,688.08,305.08,688.08,305.08,684.94,295.25,840.00,457.00,6,1052.1,1920350.30,1920591.00,1920591.00,1929390.10,1921790.90,1929390.10,1931390.70
245,3,31.80328,"High SD (~31.8) - Interpolated",1,oneEuro,interp,31.8033,101.92,0,4,27.419999999999998,228.5,90,4,4.3222,4.3222,6.3306,409.60,413.77,678.43,295.43,838.74,672.35,838.74,672.35,843.94,674.64,678.43,523.93,4,1134.4,1931901.30,1931901.40,1931901.40,1936223.60,1932166.10,1936223.60,1938232.00
246,3,31.80328,"High SD (~31.8) - Interpolated",1,oneEuro,interp,31.8033,101.92,0,5,27.419999999999998,228.5,270,5,6.5835,6.5835,8.5837,444.91,457.67,840.00,685.50,841.03,240.59,841.03,240.59,835.34,227.86,840.00,457.00,5,1939.2,1938749.70,1939066.20,1939066.20,1945649.70,1939557.30,1945649.70,1947649.90
247,3,31.80328,"High SD (~31.8) - Interpolated",1,oneEuro,interp,31.8033,101.92,0,6,27.419999999999998,228.5,135,6,7.8068,7.8559,9.8560,433.07,426.93,840.00,228.50,681.58,631.55,681.58,631.55,680.52,624.52,678.43,390.07,4,1048.0,1948167.60,1948167.80,1948216.90,1956023.70,1951474.30,1956023.70,1958023.80
248,3,31.80328,"High SD (~31.8) - Interpolated",1,oneEuro,interp,31.8033,101.92,0,7,27.419999999999998,228.5,315,7,2.7396,2.9962,4.9969,446.76,450.79,678.43,618.57,1000.54,309.00,1000.54,309.00,995.87,298.51,840.00,457.00,1,1029.2,1958534.10,1958710.90,1958967.50,1961707.10,1960224.10,1961707.10,1963707.80
249,3,31.80328,"High SD (~31.8) - Interpolated",1,oneEuro,interp,31.8033,101.92,1,0,27.419999999999998,411.3,0,0,2.3819,2.3819,4.3820,404.79,410.35,840.00,457.00,1244.62,445.09,1244.62,445.09,1250.29,463.85,1251.30,457.00,1,2283.3,1972240.20,1972308.50,1972308.50,1974690.40,1974090.40,1974690.40,1976690.50
250,3,31.80328,"High SD (~31.8) - Interpolated",1,oneEuro,interp,31.8033,101.92,1,1,27.419999999999998,411.3,180,1,4.6721,4.6734,6.6734,812.04,818.51,1251.30,457.00,439.31,465.44,439.31,465.44,432.83,464.99,840.00,457.00,3,1033.5,1977207.90,1977208.00,1977209.30,1981881.40,1978523.90,1981881.40,1983881.40
251,3,31.80328,"High SD (~31.8) - Interpolated",1,oneEuro,interp,31.8033,101.92,1,2,27.419999999999998,411.3,45,2,3.8888,3.8901,5.8911,747.49,752.65,428.70,457.00,1119.53,742.47,1119.53,742.47,1122.08,749.76,719.53,747.83,2,865.7,1984391.30,1984391.40,1984392.70,1988281.50,1986857.20,1988281.50,1990282.50
252,3,31.80328,"High SD (~31.8) - Interpolated",1,oneEuro,interp,31.8033,101.92,1,3,27.419999999999998,411.3,225,3,5.2979,5.2991,7.2993,811.03,819.84,1130.83,747.83,552.66,179.07,552.66,179.07,548.65,170.59,840.00,457.00,3,1238.9,1990799.50,1990799.70,1990800.90,1996098.80,1992573.10,1996098.80,1998099.00
253,3,31.80328,"High SD (~31.8) - Interpolated",1,oneEuro,interp,31.8033,101.92,1,4,27.419999999999998,411.3,90,4,7.8995,7.8995,9.8998,751.01,765.76,549.17,166.17,843.37,857.15,843.37,857.15,840.17,874.47,549.17,577.47,1,2932.5,1998608.20,1998874.10,1998874.10,2006773.60,2006282.20,2006773.60,2008773.90
254,3,31.80328,"High SD (~31.8) - Interpolated",1,oneEuro,interp,31.8033,101.92,1,5,27.419999999999998,411.3,270,5,9.0494,9.0494,11.0497,810.53,816.95,840.00,868.30,846.14,57.80,846.14,57.80,838.05,51.36,840.00,457.00,7,1936.1,2009291.10,2009373.70,2009373.70,2018423.10,2011174.80,2018423.10,2020423.40
255,3,31.80328,"High SD (~31.8) - Interpolated",1,oneEuro,interp,31.8033,101.92,1,6,27.419999999999998,411.3,135,6,3.9420,3.9420,5.9430,749.00,760.16,840.00,45.70,546.90,734.98,546.90,734.98,551.87,749.14,549.17,336.53,1,1356.2,2020940.50,2021064.90,2021064.90,2025006.90,2023056.50,2025006.90,2027007.90
256,3,31.80328,"High SD (~31.8) - Interpolated",1,oneEuro,interp,31.8033,101.92,1,7,27.419999999999998,411.3,315,7,2.6667,2.6667,4.6669,820.86,830.37,549.17,747.83,1138.66,176.59,1138.66,176.59,1139.08,163.44,840.00,457.00,2,1789.4,2027517.40,2027714.90,2027714.90,2030381.60,2028549.00,2030381.60,2032381.80
257,3,31.80328,"High SD (~31.8) - Interpolated",1,oneEuro,interp,31.8033,101.92,2,0,54.839999999999996,228.5,0,0,1.1331,1.1325,3.1332,233.25,206.11,840.00,457.00,1072.10,480.16,1072.25,480.48,1046.09,454.85,1068.50,457.00,0,1099.2,2039381.40,2039548.60,2039548.60,2040681.70,2040681.10,2040681.10,2042681.80
258,3,31.80328,"High SD (~31.8) - Interpolated",1,oneEuro,interp,31.8033,101.92,2,1,54.839999999999996,228.5,180,1,2.4561,2.4572,4.4659,436.91,447.85,1068.50,457.00,631.81,470.86,631.81,470.86,620.74,465.91,840.00,457.00,2,1726.6,2043199.60,2043199.60,2043200.70,2045656.80,2043439.90,2045656.80,2047665.50
259,3,31.80328,"High SD (~31.8) - Interpolated",1,oneEuro,interp,31.8033,101.92,2,2,54.839999999999996,228.5,45,2,0.5901,0.5909,2.5909,407.27,402.47,611.50,457.00,993.63,597.87,993.57,597.57,984.60,607.93,773.07,618.57,0,767.6,2048182.00,2048182.10,2048183.40,2048773.50,2048773.00,2048773.00,2050773.00
260,3,31.80328,"High SD (~31.8) - Interpolated",1,oneEuro,interp,31.8033,101.92,2,3,54.839999999999996,228.5,225,3,3.2915,3.2915,5.2995,433.87,445.66,1001.57,618.57,684.80,322.09,684.80,322.09,678.76,311.33,840.00,457.00,1,935.8,2051281.90,2051282.00,2051282.00,2054573.50,2053181.40,2054573.50,2056581.50
261,3,31.80328,"High SD (~31.8) - Interpolated",1,oneEuro,interp,31.8033,101.92,2,4,54.839999999999996,228.5,90,4,3.6832,3.6832,5.6841,428.99,417.98,678.43,295.43,866.17,681.15,866.17,681.15,853.82,674.83,678.43,523.93,2,1004.8,2057091.00,2057132.00,2057132.00,2060815.20,2057856.00,2060815.20,2062816.10
262,3,31.80328,"High SD (~31.8) - Interpolated",1,oneEuro,interp,31.8033,101.92,2,5,54.839999999999996,228.5,270,5,3.4497,3.4497,5.4497,431.21,450.77,840.00,685.50,848.96,254.38,848.96,254.38,836.17,234.75,840.00,457.00,3,971.7,2063325.00,2063340.40,2063340.50,2066790.20,2063864.70,2066790.10,2068790.10
263,3,31.80328,"High SD (~31.8) - Interpolated",1,oneEuro,interp,31.8033,101.92,2,6,54.839999999999996,228.5,135,6,1.6258,1.6258,3.6413,419.39,425.57,840.00,228.50,659.76,607.19,659.76,607.19,692.06,627.53,678.43,390.07,1,1556.3,2069299.80,2069440.20,2069440.20,2071066.00,2070432.40,2071066.00,2073081.50
264,3,31.80328,"High SD (~31.8) - Interpolated",1,oneEuro,interp,31.8033,101.92,2,7,54.839999999999996,228.5,315,7,2.0151,2.0326,4.0415,456.24,444.20,678.43,618.57,981.70,277.73,981.70,277.73,991.08,303.04,840.00,457.00,1,1246.0,2073598.70,2073673.70,2073691.20,2075706.30,2074397.60,2075706.30,2077715.20
265,3,31.80328,"High SD (~31.8) - Interpolated",1,oneEuro,interp,31.8033,101.92,3,0,54.839999999999996,406.72999999999996,0,0,0.7323,0.7322,2.7322,379.50,398.54,840.00,457.00,1219.49,459.86,1219.49,459.86,1238.45,465.13,1246.73,457.00,0,438.6,2084414.50,2084724.10,2084724.10,2085456.40,2085456.30,2085456.30,2087456.30
266,3,31.80328,"High SD (~31.8) - Interpolated",1,oneEuro,interp,31.8033,101.92,3,1,54.839999999999996,406.72999999999996,180,1,3.4152,3.4152,5.4232,792.63,808.46,1246.73,457.00,454.28,473.97,454.28,473.97,438.29,451.45,840.00,457.00,3,1579.3,2087965.10,2087966.40,2087966.40,2091381.60,2088439.20,2091381.60,2093389.60
267,3,31.80328,"High SD (~31.8) - Interpolated",1,oneEuro,interp,31.8033,101.92,3,2,54.839999999999996,406.72999999999996,45,2,1.5230,1.5242,3.5244,776.83,748.91,433.27,457.00,1147.20,763.22,1147.20,763.22,1122.48,750.00,720.87,744.60,0,1027.2,2093906.60,2093906.60,2093907.90,2095430.90,2095430.80,2095430.80,2097431.00
268,3,31.80328,"High SD (~31.8) - Interpolated",1,oneEuro,interp,31.8033,101.92,3,3,54.839999999999996,406.72999999999996,225,3,5.6413,5.6408,7.6411,794.94,799.15,1127.60,744.60,552.69,195.59,552.73,195.75,557.21,184.88,840.00,457.00,3,1222.9,2097948.40,2097948.40,2097948.50,2103589.80,2099015.00,2103589.20,2105589.50
269,3,31.80328,"High SD (~31.8) - Interpolated",1,oneEuro,interp,31.8033,101.92,3,4,54.839999999999996,406.72999999999996,90,4,2.4664,2.4664,4.4664,725.58,741.31,552.40,169.40,835.69,837.39,835.69,837.39,838.28,853.37,552.40,576.13,2,1051.0,2106106.90,2106181.50,2106181.50,2108647.90,2107456.10,2108647.90,2110647.90
270,3,31.80328,"High SD (~31.8) - Interpolated",1,oneEuro,interp,31.8033,101.92,3,5,54.839999999999996,406.72999999999996,270,5,0.9773,0.9766,2.9861,833.97,808.65,840.00,863.73,821.79,29.96,821.45,30.08,835.02,55.09,840.00,457.00,0,1116.7,2111166.00,2111204.00,2111204.00,2112181.30,2112180.60,2112180.60,2114190.10
271,3,31.80328,"High SD (~31.8) - Interpolated",1,oneEuro,interp,31.8033,101.92,3,6,54.839999999999996,406.72999999999996,135,6,3.1745,3.1746,5.1753,755.92,740.15,840.00,50.27,575.96,758.58,575.96,758.58,553.98,732.92,552.40,337.87,2,2044.4,2114699.10,2114906.20,2114906.30,2118080.80,2116564.60,2118080.80,2120081.50
272,3,31.80328,"High SD (~31.8) - Interpolated",1,oneEuro,interp,31.8033,101.92,3,7,54.839999999999996,406.72999999999996,315,7,0.6760,0.7654,2.7732,788.57,814.15,552.40,744.60,1117.56,194.66,1117.56,194.66,1125.60,166.42,840.00,457.00,0,2668.6,2120591.50,2120591.70,2120681.20,2121357.20,2121357.10,2121357.10,2123364.90
273,3,31.80328,"High SD (~31.8) - Interpolated",1,oneEuro,interp,31.8033,101.92,4,0,91.4,228.5,0,0,3.3746,3.3739,5.3742,198.19,198.03,840.00,457.00,1036.55,431.56,1036.27,431.50,1037.91,464.12,1068.50,457.00,2,370.5,2129264.60,2129340.30,2129340.30,2132714.90,2129622.50,2132714.20,2134714.50
274,3,31.80328,"High SD (~31.8) - Interpolated",1,oneEuro,interp,31.8033,101.92,4,1,91.4,228.5,180,1,4.1146,4.1160,6.1164,418.42,427.90,1068.50,457.00,650.55,476.83,650.55,476.83,640.80,470.30,840.00,457.00,1,1214.5,2135231.60,2135231.70,2135233.10,2139347.70,2135714.20,2139347.70,2141348.10
275,3,31.80328,"High SD (~31.8) - Interpolated",1,oneEuro,interp,31.8033,101.92,4,2,91.4,228.5,45,2,1.0493,1.0506,3.0507,466.81,413.38,611.50,457.00,1046.33,626.79,1046.33,626.79,990.96,620.99,773.07,618.57,1,634.2,2141864.40,2141864.50,2141865.80,2142915.10,2142030.40,2142915.10,2144915.20
276,3,31.80328,"High SD (~31.8) - Interpolated",1,oneEuro,interp,31.8033,101.92,4,3,91.4,228.5,225,3,1.3669,1.3669,3.3681,496.99,426.33,1001.57,618.57,665.94,252.04,665.94,252.04,695.11,322.19,840.00,457.00,2,1987.0,2145424.10,2145739.40,2145739.40,2147106.30,2146047.50,2147106.30,2149107.50
277,3,31.80328,"High SD (~31.8) - Interpolated",1,oneEuro,interp,31.8033,101.92,4,4,91.4,228.5,90,4,1.9506,1.9506,3.9587,377.30,406.72,678.43,295.43,818.45,645.79,818.45,645.79,833.36,671.48,678.43,523.93,2,864.8,2149622.80,2149829.90,2149829.90,2151780.50,2150355.60,2151780.50,2153788.60
278,3,31.80328,"High SD (~31.8) - Interpolated",1,oneEuro,interp,31.8033,101.92,4,5,91.4,228.5,270,5,0.4583,0.4582,2.4668,446.61,443.67,840.00,685.50,881.81,240.85,881.81,240.85,838.73,241.83,840.00,457.00,0,1753.9,2154298.10,2154314.30,2154314.30,2154772.60,2154772.50,2154772.50,2156781.10
279,3,31.80328,"High SD (~31.8) - Interpolated",1,oneEuro,interp,31.8033,101.92,4,6,91.4,228.5,135,6,1.9643,1.9643,3.9643,385.35,392.36,840.00,228.50,669.06,573.86,669.06,573.86,689.64,590.91,678.43,390.07,1,652.5,2157290.40,2157325.20,2157325.20,2159289.50,2158523.00,2159289.50,2161289.50
280,3,31.80328,"High SD (~31.8) - Interpolated",1,oneEuro,interp,31.8033,101.92,4,7,91.4,228.5,315,7,0.7981,0.7991,2.7998,412.45,426.16,678.43,618.57,975.67,332.64,975.68,332.70,968.99,306.83,840.00,457.00,0,776.7,2161806.30,2161806.30,2161807.70,2162605.80,2162605.40,2162605.40,2164606.10
281,3,31.80328,"High SD (~31.8) - Interpolated",1,oneEuro,interp,31.8033,101.92,5,0,91.4,388.45,0,0,5.2558,5.3065,7.3146,394.25,377.81,840.00,457.00,1231.72,412.36,1231.72,412.36,1217.42,439.84,1228.45,457.00,3,2154.8,2174589.70,2174832.20,2174882.90,2180138.70,2175164.00,2180138.70,2182146.80
282,3,31.80328,"High SD (~31.8) - Interpolated",1,oneEuro,interp,31.8033,101.92,5,1,91.4,388.45,180,1,1.1828,1.1826,3.1826,819.62,759.86,1228.45,457.00,408.86,464.28,408.86,464.28,468.61,463.40,840.00,457.00,0,1656.3,2182656.50,2182706.20,2182706.20,2183889.00,2183888.80,2183888.80,2185888.80
283,3,31.80328,"High SD (~31.8) - Interpolated",1,oneEuro,interp,31.8033,101.92,5,2,91.4,388.45,45,2,2.5648,2.5648,4.5648,697.70,695.61,451.55,457.00,1110.54,686.17,1110.54,686.17,1105.41,694.37,726.23,731.68,1,893.5,2186406.10,2186457.20,2186457.20,2189022.00,2187546.80,2189022.00,2191022.00
284,3,31.80328,"High SD (~31.8) - Interpolated",1,oneEuro,interp,31.8033,101.92,5,3,91.4,388.45,225,3,1.0080,1.0924,3.0926,810.84,755.38,1114.68,731.68,520.04,180.44,520.04,180.44,581.06,197.02,840.00,457.00,1,1244.9,2191539.70,2191646.50,2191730.90,2192738.90,2192321.30,2192738.90,2194739.10
285,3,31.80328,"High SD (~31.8) - Interpolated",1,oneEuro,interp,31.8033,101.92,5,4,91.4,388.45,90,4,1.2997,1.2997,3.2999,759.40,731.25,565.32,182.32,866.63,879.39,866.63,879.39,845.38,857.82,565.32,570.77,1,1695.3,2195248.40,2195730.70,2195730.70,2197030.40,2196480.10,2197030.40,2199030.60
286,3,31.80328,"High SD (~31.8) - Interpolated",1,oneEuro,interp,31.8033,101.92,5,5,91.4,388.45,270,5,3.9396,3.9405,5.9414,820.54,804.54,840.00,845.45,826.22,25.02,826.22,25.02,822.54,41.10,840.00,457.00,3,1325.3,2199540.00,2199540.10,2199541.10,2203480.70,2200055.30,2203480.60,2205481.50
287,3,31.80328,"High SD (~31.8) - Interpolated",1,oneEuro,interp,31.8033,101.92,5,6,91.4,388.45,135,6,1.2054,1.2054,3.2144,673.01,696.15,840.00,68.55,575.85,687.55,575.85,687.55,568.53,709.59,565.32,343.23,0,1897.8,2205989.60,2205991.00,2205991.00,2207196.40,2207196.40,2207196.40,2209205.40
288,3,31.80328,"High SD (~31.8) - Interpolated",1,oneEuro,interp,31.8033,101.92,5,7,91.4,388.45,315,7,0.7392,0.7393,2.7397,798.06,773.54,565.32,731.68,1157.61,196.79,1157.61,196.79,1120.19,192.71,840.00,457.00,1,1064.9,2209723.50,2209723.60,2209723.70,2210462.90,2210114.00,2210462.90,2212463.30
