GlobalTrialNumber,PairNumber,PairVariance,PairDescription,FilterPhase,FilterType,FilterRank,FilterVariance,FilterLatency,LayoutIndex,TrialInLayout,TargetSize,Amplitude,Direction,DirectionIndex,MovementTime,ActualAmplitude,StartX,StartY,SelectionX,SelectionY,TargetX,TargetY,TrialStartTime,MovementStartTime,SelectionTime
1,1,1,"Very Low Variance (~1.0) - Maximum Stability",0,exponential,1,1.0276,1092.43,0,0,63.300000000000004,158.25,0,0,3.8257,160.37,683.00,316.50,842.45,333.66,841.25,316.50,193154.90,195078.60,198904.30
2,1,1,"Very Low Variance (~1.0) - Maximum Stability",0,exponential,1,1.0276,1092.43,0,1,63.300000000000004,158.25,180,1,7.0094,302.65,841.25,316.50,538.60,314.65,683.00,316.50,199465.90,200841.60,207851.00
3,1,1,"Very Low Variance (~1.0) - Maximum Stability",0,exponential,1,1.0276,1092.43,0,2,63.300000000000004,158.25,45,2,6.3731,293.13,524.75,316.50,790.04,441.20,636.65,428.40,208413.90,209589.10,215962.20
4,1,1,"Very Low Variance (~1.0) - Maximum Stability",0,exponential,1,1.0276,1092.43,0,3,63.300000000000004,158.25,225,3,6.9200,332.92,794.90,428.40,555.82,196.71,683.00,316.50,216528.30,217639.40,224559.40
5,1,1,"Very Low Variance (~1.0) - Maximum Stability",0,exponential,1,1.0276,1092.43,0,4,63.300000000000004,158.25,90,4,9.9012,301.84,571.10,204.60,685.41,483.95,571.10,362.85,225100.70,225132.20,235033.40
6,1,1,"Very Low Variance (~1.0) - Maximum Stability",0,exponential,1,1.0276,1092.43,0,5,63.300000000000004,158.25,270,5,7.1712,308.13,683.00,474.75,687.32,166.65,683.00,316.50,235571.90,237091.90,244263.10
7,1,1,"Very Low Variance (~1.0) - Maximum Stability",0,exponential,1,1.0276,1092.43,0,6,63.300000000000004,158.25,135,6,4.6701,296.95,683.00,158.25,564.73,430.63,571.10,270.15,244808.80,246994.30,251664.40
8,1,1,"Very Low Variance (~1.0) - Maximum Stability",0,exponential,1,1.0276,1092.43,0,7,63.300000000000004,158.25,315,7,5.0281,320.29,571.10,428.40,801.36,205.76,683.00,316.50,252211.50,253843.20,258871.30
9,1,1,"Very Low Variance (~1.0) - Maximum Stability",0,exponential,1,1.0276,1092.43,1,0,63.300000000000004,208.89000000000001,0,0,6.5320,209.75,683.00,316.50,892.00,334.18,891.89,316.50,285743.50,287375.40,293907.40
10,1,1,"Very Low Variance (~1.0) - Maximum Stability",0,exponential,1,1.0276,1092.43,1,1,63.300000000000004,208.89000000000001,180,1,7.2751,423.37,891.89,316.50,468.96,335.89,683.00,316.50,294474.60,296122.20,303397.30
11,1,1,"Very Low Variance (~1.0) - Maximum Stability",0,exponential,1,1.0276,1092.43,1,2,63.300000000000004,208.89000000000001,45,2,4.0254,396.69,474.11,316.50,831.68,488.28,621.82,464.21,303939.80,305819.70,309845.10
12,1,1,"Very Low Variance (~1.0) - Maximum Stability",0,exponential,1,1.0276,1092.43,1,3,63.300000000000004,208.89000000000001,225,3,9.6735,430.22,830.71,464.21,520.54,166.06,683.00,316.50,310390.80,310466.40,320139.90
13,1,1,"Very Low Variance (~1.0) - Maximum Stability",0,exponential,1,1.0276,1092.43,1,4,63.300000000000004,208.89000000000001,90,4,6.9613,378.35,535.29,168.79,703.85,507.52,535.29,377.68,320646.10,322277.20,329238.50
14,1,1,"Very Low Variance (~1.0) - Maximum Stability",0,exponential,1,1.0276,1092.43,1,5,63.300000000000004,208.89000000000001,270,5,10.3062,423.46,683.00,525.39,688.98,101.98,683.00,316.50,329782.90,330839.80,341146.00
15,1,1,"Very Low Variance (~1.0) - Maximum Stability",0,exponential,1,1.0276,1092.43,1,6,63.300000000000004,208.89000000000001,135,6,12.3630,387.59,683.00,107.61,540.06,467.88,535.29,255.32,341693.70,343574.50,355937.50
16,1,1,"Very Low Variance (~1.0) - Maximum Stability",0,exponential,1,1.0276,1092.43,1,7,63.300000000000004,208.89000000000001,315,7,9.9999,419.43,535.29,464.21,830.37,166.13,683.00,316.50,356472.70,357575.80,367575.70
17,1,1,"Very Low Variance (~1.0) - Maximum Stability",0,exponential,1,1.0276,1092.43,2,0,85.45500000000001,158.25,0,0,1.3555,164.81,683.00,316.50,846.90,333.73,841.25,316.50,387564.30,388788.70,390144.20
18,1,1,"Very Low Variance (~1.0) - Maximum Stability",0,exponential,1,1.0276,1092.43,2,1,85.45500000000001,158.25,180,1,5.8829,350.38,841.25,316.50,490.92,310.56,683.00,316.50,390691.90,391896.20,397779.10
19,1,1,"Very Low Variance (~1.0) - Maximum Stability",0,exponential,1,1.0276,1092.43,2,2,85.45500000000001,158.25,45,2,2.5067,309.01,524.75,316.50,808.63,438.56,636.65,428.40,398326.10,399398.50,401905.20
20,1,1,"Very Low Variance (~1.0) - Maximum Stability",0,exponential,1,1.0276,1092.43,2,3,85.45500000000001,158.25,225,3,6.9123,296.97,794.90,428.40,574.88,228.94,683.00,316.50,402453.90,404700.80,411613.10
21,1,1,"Very Low Variance (~1.0) - Maximum Stability",0,exponential,1,1.0276,1092.43,2,4,85.45500000000001,158.25,90,4,5.3012,301.03,571.10,204.60,674.60,487.28,571.10,362.85,412150.60,413631.50,418932.70
22,1,1,"Very Low Variance (~1.0) - Maximum Stability",0,exponential,1,1.0276,1092.43,2,5,85.45500000000001,158.25,270,5,9.6451,301.32,683.00,474.75,651.46,175.08,683.00,316.50,419481.40,421278.50,430923.60
23,1,1,"Very Low Variance (~1.0) - Maximum Stability",0,exponential,1,1.0276,1092.43,2,6,85.45500000000001,158.25,135,6,7.3555,299.10,683.00,158.25,564.19,432.74,571.10,270.15,431461.40,431690.40,439045.90
24,1,1,"Very Low Variance (~1.0) - Maximum Stability",0,exponential,1,1.0276,1092.43,2,7,85.45500000000001,158.25,315,7,5.1469,305.20,571.10,428.40,795.99,222.08,683.00,316.50,439608.30,440813.10,445960.00
25,1,1,"Very Low Variance (~1.0) - Maximum Stability",0,exponential,1,1.0276,1092.43,3,0,85.45500000000001,208.89000000000001,0,0,2.1925,218.47,683.00,316.50,901.43,312.33,891.89,316.50,489649.90,490531.70,492724.20
26,1,1,"Very Low Variance (~1.0) - Maximum Stability",0,exponential,1,1.0276,1092.43,3,1,85.45500000000001,208.89000000000001,180,1,7.0509,414.61,891.89,316.50,477.32,322.60,683.00,316.50,493292.70,496486.00,503536.90
27,1,1,"Very Low Variance (~1.0) - Maximum Stability",0,exponential,1,1.0276,1092.43,3,2,85.45500000000001,208.89000000000001,45,2,3.6144,385.43,474.11,316.50,816.07,494.32,621.82,464.21,504077.20,505143.30,508757.70
28,1,1,"Very Low Variance (~1.0) - Maximum Stability",0,exponential,1,1.0276,1092.43,3,3,85.45500000000001,208.89000000000001,225,3,10.0511,408.96,830.71,464.21,533.40,183.39,683.00,316.50,509315.60,510738.90,520790.00
29,1,1,"Very Low Variance (~1.0) - Maximum Stability",0,exponential,1,1.0276,1092.43,3,4,85.45500000000001,208.89000000000001,90,4,5.1929,411.74,535.29,168.79,692.21,549.46,535.29,377.68,521317.10,522627.30,527820.20
30,1,1,"Very Low Variance (~1.0) - Maximum Stability",0,exponential,1,1.0276,1092.43,3,5,85.45500000000001,208.89000000000001,270,5,12.8559,402.55,683.00,525.39,700.26,123.21,683.00,316.50,528361.50,530026.90,542882.80
31,1,1,"Very Low Variance (~1.0) - Maximum Stability",0,exponential,1,1.0276,1092.43,3,6,85.45500000000001,208.89000000000001,135,6,3.2871,381.32,683.00,107.61,538.50,460.50,535.29,255.32,543432.70,544671.40,547958.50
32,1,1,"Very Low Variance (~1.0) - Maximum Stability",0,exponential,1,1.0276,1092.43,3,7,85.45500000000001,208.89000000000001,315,7,5.3729,403.68,535.29,464.21,829.85,188.17,683.00,316.50,548520.80,549651.20,555024.10
33,1,1,"Very Low Variance (~1.0) - Maximum Stability",0,exponential,1,1.0276,1092.43,4,0,107.61000000000001,158.25,0,0,0.9810,186.88,683.00,316.50,868.25,291.85,841.25,316.50,565701.30,566579.60,567560.60
34,1,1,"Very Low Variance (~1.0) - Maximum Stability",0,exponential,1,1.0276,1092.43,4,1,107.61000000000001,158.25,180,1,2.8106,320.12,841.25,316.50,521.14,313.62,683.00,316.50,568120.10,570029.30,572839.90
35,1,1,"Very Low Variance (~1.0) - Maximum Stability",0,exponential,1,1.0276,1092.43,4,2,107.61000000000001,158.25,45,2,3.8682,307.57,524.75,316.50,804.02,445.39,636.65,428.40,573380.40,574261.20,578129.40
36,1,1,"Very Low Variance (~1.0) - Maximum Stability",0,exponential,1,1.0276,1092.43,4,3,107.61000000000001,158.25,225,3,7.7993,289.99,794.90,428.40,574.72,239.68,683.00,316.50,578696.20,580044.60,587843.90
37,1,1,"Very Low Variance (~1.0) - Maximum Stability",0,exponential,1,1.0276,1092.43,4,4,107.61000000000001,158.25,90,4,2.2572,289.21,571.10,204.60,660.93,479.51,571.10,362.85,588394.10,589759.30,592016.50
38,1,1,"Very Low Variance (~1.0) - Maximum Stability",0,exponential,1,1.0276,1092.43,4,5,107.61000000000001,158.25,270,5,8.7074,288.45,683.00,474.75,681.21,186.31,683.00,316.50,592558.50,595344.50,604051.90
39,1,1,"Very Low Variance (~1.0) - Maximum Stability",0,exponential,1,1.0276,1092.43,4,6,107.61000000000001,158.25,135,6,6.2913,310.36,683.00,158.25,590.03,454.36,571.10,270.15,604594.80,606157.20,612448.50
40,1,1,"Very Low Variance (~1.0) - Maximum Stability",0,exponential,1,1.0276,1092.43,4,7,107.61000000000001,158.25,315,7,10.7953,315.96,571.10,428.40,817.21,230.25,683.00,316.50,612987.10,614174.20,624969.50
41,1,1,"Very Low Variance (~1.0) - Maximum Stability",0,exponential,1,1.0276,1092.43,5,0,107.61000000000001,208.89000000000001,0,0,1.4171,232.29,683.00,316.50,915.28,314.54,891.89,316.50,651635.20,652762.80,654179.90
42,1,1,"Very Low Variance (~1.0) - Maximum Stability",0,exponential,1,1.0276,1092.43,5,1,107.61000000000001,208.89000000000001,180,1,8.1497,430.16,891.89,316.50,461.92,303.52,683.00,316.50,654733.80,656266.70,664416.40
43,1,1,"Very Low Variance (~1.0) - Maximum Stability",0,exponential,1,1.0276,1092.43,5,2,107.61000000000001,208.89000000000001,45,2,2.7420,396.76,474.11,316.50,829.38,493.14,621.82,464.21,664948.30,666266.60,669008.60
44,1,1,"Very Low Variance (~1.0) - Maximum Stability",0,exponential,1,1.0276,1092.43,5,3,107.61000000000001,208.89000000000001,225,3,5.3346,399.35,830.71,464.21,541.49,188.83,683.00,316.50,669556.00,672943.60,678278.20
45,1,1,"Very Low Variance (~1.0) - Maximum Stability",0,exponential,1,1.0276,1092.43,5,4,107.61000000000001,208.89000000000001,90,4,3.9732,372.87,535.29,168.79,683.63,510.89,535.29,377.68,678813.90,680391.20,684364.40
46,1,1,"Very Low Variance (~1.0) - Maximum Stability",0,exponential,1,1.0276,1092.43,5,5,107.61000000000001,208.89000000000001,270,5,11.2785,375.31,683.00,525.39,653.03,151.28,683.00,316.50,684906.80,686606.60,697885.10
47,1,1,"Very Low Variance (~1.0) - Maximum Stability",0,exponential,1,1.0276,1092.43,5,6,107.61000000000001,208.89000000000001,135,6,3.1229,401.77,683.00,107.61,541.81,483.75,535.29,255.32,698454.40,699780.40,702903.30
48,1,1,"Very Low Variance (~1.0) - Maximum Stability",0,exponential,1,1.0276,1092.43,5,7,107.61000000000001,208.89000000000001,315,7,7.6095,418.78,535.29,464.21,848.32,186.02,683.00,316.50,703440.80,704621.50,712231.00
49,1,1,"Very Low Variance (~1.0) - Maximum Stability",1,oneEuro,1,1.0410,383.47,0,0,63.300000000000004,158.25,0,0,5.1597,175.97,683.00,316.50,858.93,312.74,841.25,316.50,736210.00,736290.60,741450.30
50,1,1,"Very Low Variance (~1.0) - Maximum Stability",1,oneEuro,1,1.0410,383.47,0,1,63.300000000000004,158.25,180,1,1.8767,327.78,841.25,316.50,513.48,314.19,683.00,316.50,742002.90,743369.10,745245.80
51,1,1,"Very Low Variance (~1.0) - Maximum Stability",1,oneEuro,1,1.0410,383.47,0,2,63.300000000000004,158.25,45,2,7.5147,311.37,524.75,316.50,804.78,452.63,636.65,428.40,745780.40,747000.60,754515.30
52,1,1,"Very Low Variance (~1.0) - Maximum Stability",1,oneEuro,1,1.0410,383.47,0,3,63.300000000000004,158.25,225,3,8.7513,320.31,794.90,428.40,560.85,209.72,683.00,316.50,755063.20,756006.90,764758.20
53,1,1,"Very Low Variance (~1.0) - Maximum Stability",1,oneEuro,1,1.0410,383.47,0,4,63.300000000000004,158.25,90,4,6.3210,305.41,571.10,204.60,663.28,495.77,571.10,362.85,765282.00,766764.60,773085.60
54,1,1,"Very Low Variance (~1.0) - Maximum Stability",1,oneEuro,1,1.0410,383.47,0,5,63.300000000000004,158.25,270,5,8.0495,313.03,683.00,474.75,669.58,162.01,683.00,316.50,773621.20,774641.20,782690.70
55,1,1,"Very Low Variance (~1.0) - Maximum Stability",1,oneEuro,1,1.0410,383.47,0,6,63.300000000000004,158.25,135,6,7.1606,299.36,683.00,158.25,573.28,436.77,571.10,270.15,783252.90,784711.90,791872.50
56,1,1,"Very Low Variance (~1.0) - Maximum Stability",1,oneEuro,1,1.0410,383.47,0,7,63.300000000000004,158.25,315,7,4.7795,307.61,571.10,428.40,792.53,214.86,683.00,316.50,792419.40,793412.20,798191.70
57,1,1,"Very Low Variance (~1.0) - Maximum Stability",1,oneEuro,1,1.0410,383.47,1,0,63.300000000000004,208.89000000000001,0,0,11.9757,200.53,683.00,316.50,882.23,339.29,891.89,316.50,814333.40,814366.50,826342.20
58,1,1,"Very Low Variance (~1.0) - Maximum Stability",1,oneEuro,1,1.0410,383.47,1,1,63.300000000000004,208.89000000000001,180,1,1.5861,417.81,891.89,316.50,474.10,320.29,683.00,316.50,826886.40,828182.40,829768.50
59,1,1,"Very Low Variance (~1.0) - Maximum Stability",1,oneEuro,1,1.0410,383.47,1,2,63.300000000000004,208.89000000000001,45,2,10.4540,368.87,474.11,316.50,814.42,458.82,621.82,464.21,830312.00,831904.70,842358.70
60,1,1,"Very Low Variance (~1.0) - Maximum Stability",1,oneEuro,1,1.0410,383.47,1,3,63.300000000000004,208.89000000000001,225,3,4.7977,398.18,830.71,464.21,566.58,166.25,683.00,316.50,842901.20,843842.60,848640.30
61,1,1,"Very Low Variance (~1.0) - Maximum Stability",1,oneEuro,1,1.0410,383.47,1,4,63.300000000000004,208.89000000000001,90,4,6.2446,372.21,535.29,168.79,685.94,509.15,535.29,377.68,849206.50,850441.70,856686.30
62,1,1,"Very Low Variance (~1.0) - Maximum Stability",1,oneEuro,1,1.0410,383.47,1,5,63.300000000000004,208.89000000000001,270,5,9.8219,420.59,683.00,525.39,682.86,104.80,683.00,316.50,857234.40,858209.40,868031.30
63,1,1,"Very Low Variance (~1.0) - Maximum Stability",1,oneEuro,1,1.0410,383.47,1,6,63.300000000000004,208.89000000000001,135,6,10.9082,395.40,683.00,107.61,541.63,476.87,535.29,255.32,868589.20,869704.30,880612.50
64,1,1,"Very Low Variance (~1.0) - Maximum Stability",1,oneEuro,1,1.0410,383.47,1,7,63.300000000000004,208.89000000000001,315,7,9.1260,402.63,535.29,464.21,823.67,183.23,683.00,316.50,881163.50,882131.00,891257.00
65,1,1,"Very Low Variance (~1.0) - Maximum Stability",1,oneEuro,1,1.0410,383.47,2,0,85.45500000000001,158.25,0,0,3.0145,185.17,683.00,316.50,865.14,349.84,841.25,316.50,897896.10,898190.70,901205.20
66,1,1,"Very Low Variance (~1.0) - Maximum Stability",1,oneEuro,1,1.0410,383.47,2,1,85.45500000000001,158.25,180,1,6.7395,319.60,841.25,316.50,523.79,353.39,683.00,316.50,901743.30,901769.30,908508.80
67,1,1,"Very Low Variance (~1.0) - Maximum Stability",1,oneEuro,1,1.0410,383.47,2,2,85.45500000000001,158.25,45,2,12.4524,282.42,524.75,316.50,788.05,418.65,636.65,428.40,909029.20,909029.90,921482.30
68,1,1,"Very Low Variance (~1.0) - Maximum Stability",1,oneEuro,1,1.0410,383.47,2,3,85.45500000000001,158.25,225,3,4.8376,348.75,794.90,428.40,532.66,198.49,683.00,316.50,922042.40,923206.60,928044.20
69,1,1,"Very Low Variance (~1.0) - Maximum Stability",1,oneEuro,1,1.0410,383.47,2,4,85.45500000000001,158.25,90,4,2.3890,291.74,571.10,204.60,675.96,476.84,571.10,362.85,928564.00,929938.20,932327.20
70,1,1,"Very Low Variance (~1.0) - Maximum Stability",1,oneEuro,1,1.0410,383.47,2,5,85.45500000000001,158.25,270,5,4.0717,325.12,683.00,474.75,720.76,151.83,683.00,316.50,932890.10,933523.80,937595.50
71,1,1,"Very Low Variance (~1.0) - Maximum Stability",1,oneEuro,1,1.0410,383.47,2,6,85.45500000000001,158.25,135,6,6.4244,264.34,683.00,158.25,568.52,396.52,571.10,270.15,938159.40,938190.40,944614.80
72,1,1,"Very Low Variance (~1.0) - Maximum Stability",1,oneEuro,1,1.0410,383.47,2,7,85.45500000000001,158.25,315,7,2.2911,330.56,571.10,428.40,803.86,193.67,683.00,316.50,945162.20,945536.40,947827.50
73,1,1,"Very Low Variance (~1.0) - Maximum Stability",1,oneEuro,1,1.0410,383.47,3,0,85.45500000000001,208.89000000000001,0,0,3.2088,210.54,683.00,316.50,893.11,302.97,891.89,316.50,958581.60,959725.30,962934.10
74,1,1,"Very Low Variance (~1.0) - Maximum Stability",1,oneEuro,1,1.0410,383.47,3,1,85.45500000000001,208.89000000000001,180,1,1.7007,391.64,891.89,316.50,500.34,324.90,683.00,316.50,963491.90,964060.60,965761.30
75,1,1,"Very Low Variance (~1.0) - Maximum Stability",1,oneEuro,1,1.0410,383.47,3,2,85.45500000000001,208.89000000000001,45,2,6.9418,414.76,474.11,316.50,860.77,466.56,621.82,464.21,966324.80,967261.50,974203.30
76,1,1,"Very Low Variance (~1.0) - Maximum Stability",1,oneEuro,1,1.0410,383.47,3,3,85.45500000000001,208.89000000000001,225,3,2.1348,444.46,830.71,464.21,538.93,128.93,683.00,316.50,974720.30,975876.30,978011.10
77,1,1,"Very Low Variance (~1.0) - Maximum Stability",1,oneEuro,1,1.0410,383.47,3,4,85.45500000000001,208.89000000000001,90,4,12.5418,393.56,535.29,168.79,678.58,535.34,535.29,377.68,978555.60,979843.80,992385.60
78,1,1,"Very Low Variance (~1.0) - Maximum Stability",1,oneEuro,1,1.0410,383.47,3,5,85.45500000000001,208.89000000000001,270,5,9.3463,397.54,683.00,525.39,677.96,127.88,683.00,316.50,992928.30,993828.90,1003175.20
79,1,1,"Very Low Variance (~1.0) - Maximum Stability",1,oneEuro,1,1.0410,383.47,3,6,85.45500000000001,208.89000000000001,135,6,3.7156,377.66,683.00,107.61,508.32,442.44,535.29,255.32,1003683.30,1004885.80,1008601.40
80,1,1,"Very Low Variance (~1.0) - Maximum Stability",1,oneEuro,1,1.0410,383.47,3,7,85.45500000000001,208.89000000000001,315,7,3.3093,446.11,535.29,464.21,866.05,164.84,683.00,316.50,1009147.80,1010006.40,1013315.70
81,1,1,"Very Low Variance (~1.0) - Maximum Stability",1,oneEuro,1,1.0410,383.47,4,0,107.61000000000001,158.25,0,0,2.8877,200.48,683.00,316.50,883.45,319.90,841.25,316.50,1023543.80,1024739.90,1027627.60
82,1,1,"Very Low Variance (~1.0) - Maximum Stability",1,oneEuro,1,1.0410,383.47,4,1,107.61000000000001,158.25,180,1,1.9600,324.59,841.25,316.50,516.77,324.87,683.00,316.50,1028169.60,1029058.90,1031018.90
83,1,1,"Very Low Variance (~1.0) - Maximum Stability",1,oneEuro,1,1.0410,383.47,4,2,107.61000000000001,158.25,45,2,2.3630,279.54,524.75,316.50,788.38,409.44,636.65,428.40,1031557.60,1032322.40,1034685.40
84,1,1,"Very Low Variance (~1.0) - Maximum Stability",1,oneEuro,1,1.0410,383.47,4,3,107.61000000000001,158.25,225,3,2.7352,334.60,794.90,428.40,580.43,171.58,683.00,316.50,1035237.30,1035974.30,1038709.50
85,1,1,"Very Low Variance (~1.0) - Maximum Stability",1,oneEuro,1,1.0410,383.47,4,4,107.61000000000001,158.25,90,4,1.5438,304.67,571.10,204.60,672.33,491.96,571.10,362.85,1039258.80,1040127.70,1041671.50
86,1,1,"Very Low Variance (~1.0) - Maximum Stability",1,oneEuro,1,1.0410,383.47,4,5,107.61000000000001,158.25,270,5,1.9347,284.01,683.00,474.75,689.86,190.82,683.00,316.50,1042250.10,1043799.70,1045734.40
87,1,1,"Very Low Variance (~1.0) - Maximum Stability",1,oneEuro,1,1.0410,383.47,4,6,107.61000000000001,158.25,135,6,2.8191,308.65,683.00,158.25,533.22,428.12,571.10,270.15,1046260.50,1047861.20,1050680.30
88,1,1,"Very Low Variance (~1.0) - Maximum Stability",1,oneEuro,1,1.0410,383.47,4,7,107.61000000000001,158.25,315,7,2.6408,329.03,571.10,428.40,798.91,190.99,683.00,316.50,1051233.80,1052322.40,1054963.20
89,1,1,"Very Low Variance (~1.0) - Maximum Stability",1,oneEuro,1,1.0410,383.47,5,0,107.61000000000001,208.89000000000001,0,0,1.7768,232.06,683.00,316.50,914.76,304.87,891.89,316.50,1062803.60,1063660.90,1065437.70
90,1,1,"Very Low Variance (~1.0) - Maximum Stability",1,oneEuro,1,1.0410,383.47,5,1,107.61000000000001,208.89000000000001,180,1,4.0815,396.80,891.89,316.50,495.96,342.70,683.00,316.50,1065974.00,1066963.20,1071044.70
91,1,1,"Very Low Variance (~1.0) - Maximum Stability",1,oneEuro,1,1.0410,383.47,5,2,107.61000000000001,208.89000000000001,45,2,4.3790,359.27,474.11,316.50,806.55,452.74,621.82,464.21,1071596.00,1071628.20,1076007.20
92,1,1,"Very Low Variance (~1.0) - Maximum Stability",1,oneEuro,1,1.0410,383.47,5,3,107.61000000000001,208.89000000000001,225,3,2.8076,400.42,830.71,464.21,541.60,187.17,683.00,316.50,1076549.00,1077295.90,1080103.50
93,1,1,"Very Low Variance (~1.0) - Maximum Stability",1,oneEuro,1,1.0410,383.47,5,4,107.61000000000001,208.89000000000001,90,4,1.8108,351.47,535.29,168.79,672.53,492.36,535.29,377.68,1080650.90,1082099.60,1083910.40
94,1,1,"Very Low Variance (~1.0) - Maximum Stability",1,oneEuro,1,1.0410,383.47,5,5,107.61000000000001,208.89000000000001,270,5,4.9441,374.79,683.00,525.39,687.93,150.63,683.00,316.50,1084465.80,1084498.90,1089443.00
95,1,1,"Very Low Variance (~1.0) - Maximum Stability",1,oneEuro,1,1.0410,383.47,5,6,107.61000000000001,208.89000000000001,135,6,3.0052,390.56,683.00,107.61,521.64,463.28,535.29,255.32,1089951.40,1090988.70,1093993.90
96,1,1,"Very Low Variance (~1.0) - Maximum Stability",1,oneEuro,1,1.0410,383.47,5,7,107.61000000000001,208.89000000000001,315,7,1.8654,435.07,535.29,464.21,838.57,152.26,683.00,316.50,1094536.00,1095514.20,1097379.60
97,2,7,"Medium Variance (~7.0) - Balanced",0,exponential,9,7.0109,504.11,0,0,63.300000000000004,158.25,0,0,2.9954,182.01,683.00,316.50,863.98,335.83,841.25,316.50,1122970.80,1123690.50,1126685.90
98,2,7,"Medium Variance (~7.0) - Balanced",0,exponential,9,7.0109,504.11,0,1,63.300000000000004,158.25,180,1,2.9877,333.90,841.25,316.50,507.35,315.47,683.00,316.50,1127243.00,1127275.70,1130263.40
99,2,7,"Medium Variance (~7.0) - Balanced",0,exponential,9,7.0109,504.11,0,2,63.300000000000004,158.25,45,2,6.5358,274.16,524.75,316.50,778.06,421.39,636.65,428.40,1130824.70,1131443.90,1137979.70
100,2,7,"Medium Variance (~7.0) - Balanced",0,exponential,9,7.0109,504.11,0,3,63.300000000000004,158.25,225,3,5.4293,314.08,794.90,428.40,567.45,211.80,683.00,316.50,1138549.10,1138579.30,1144008.60
101,2,7,"Medium Variance (~7.0) - Balanced",0,exponential,9,7.0109,504.11,0,4,63.300000000000004,158.25,90,4,5.4655,299.76,571.10,204.60,690.16,479.70,571.10,362.85,1144554.70,1145191.80,1150657.30
102,2,7,"Medium Variance (~7.0) - Balanced",0,exponential,9,7.0109,504.11,0,5,63.300000000000004,158.25,270,5,5.0281,310.59,683.00,474.75,671.97,164.36,683.00,316.50,1151194.80,1151513.90,1156542.00
103,2,7,"Medium Variance (~7.0) - Balanced",0,exponential,9,7.0109,504.11,0,6,63.300000000000004,158.25,135,6,8.5617,301.79,683.00,158.25,590.85,445.63,571.10,270.15,1157104.40,1157801.00,1166362.70
104,2,7,"Medium Variance (~7.0) - Balanced",0,exponential,9,7.0109,504.11,0,7,63.300000000000004,158.25,315,7,3.1353,297.88,571.10,428.40,779.81,215.86,683.00,316.50,1166906.60,1167560.80,1170696.10
105,2,7,"Medium Variance (~7.0) - Balanced",0,exponential,9,7.0109,504.11,1,0,63.300000000000004,208.89000000000001,0,0,3.1158,237.99,683.00,316.50,920.66,328.96,891.89,316.50,1184213.20,1185107.80,1188223.60
106,2,7,"Medium Variance (~7.0) - Balanced",0,exponential,9,7.0109,504.11,1,1,63.300000000000004,208.89000000000001,180,1,5.5844,401.53,891.89,316.50,491.12,341.25,683.00,316.50,1188728.60,1188760.20,1194344.60
107,2,7,"Medium Variance (~7.0) - Balanced",0,exponential,9,7.0109,504.11,1,2,63.300000000000004,208.89000000000001,45,2,7.0574,383.47,474.11,316.50,825.65,469.69,621.82,464.21,1194911.60,1194945.30,1202002.70
108,2,7,"Medium Variance (~7.0) - Balanced",0,exponential,9,7.0109,504.11,1,3,63.300000000000004,208.89000000000001,225,3,10.3366,422.04,830.71,464.21,519.09,179.58,683.00,316.50,1202567.00,1203106.40,1213443.00
109,2,7,"Medium Variance (~7.0) - Balanced",0,exponential,9,7.0109,504.11,1,4,63.300000000000004,208.89000000000001,90,4,6.0493,375.11,535.29,168.79,685.24,512.63,535.29,377.68,1213980.10,1214913.50,1220962.80
110,2,7,"Medium Variance (~7.0) - Balanced",0,exponential,9,7.0109,504.11,1,5,63.300000000000004,208.89000000000001,270,5,5.4082,403.36,683.00,525.39,703.13,122.53,683.00,316.50,1221528.70,1222334.00,1227742.20
111,2,7,"Medium Variance (~7.0) - Balanced",0,exponential,9,7.0109,504.11,1,6,63.300000000000004,208.89000000000001,135,6,6.8107,381.85,683.00,107.61,554.24,467.10,535.29,255.32,1228301.00,1228513.30,1235324.00
112,2,7,"Medium Variance (~7.0) - Balanced",0,exponential,9,7.0109,504.11,1,7,63.300000000000004,208.89000000000001,315,7,3.4575,420.59,535.29,464.21,830.40,164.53,683.00,316.50,1235879.10,1235908.30,1239365.80
113,2,7,"Medium Variance (~7.0) - Balanced",0,exponential,9,7.0109,504.11,2,0,85.45500000000001,158.25,0,0,1.9903,161.32,683.00,316.50,844.30,314.55,841.25,316.50,1250439.80,1251525.20,1253515.50
114,2,7,"Medium Variance (~7.0) - Balanced",0,exponential,9,7.0109,504.11,2,1,85.45500000000001,158.25,180,1,2.3301,313.67,841.25,316.50,527.90,330.67,683.00,316.50,1254090.00,1254864.90,1257195.00
115,2,7,"Medium Variance (~7.0) - Balanced",0,exponential,9,7.0109,504.11,2,2,85.45500000000001,158.25,45,2,2.4839,293.56,524.75,316.50,799.68,419.43,636.65,428.40,1257725.50,1259060.10,1261544.00
116,2,7,"Medium Variance (~7.0) - Balanced",0,exponential,9,7.0109,504.11,2,3,85.45500000000001,158.25,225,3,3.1989,312.68,794.90,428.40,589.78,192.40,683.00,316.50,1262048.20,1262677.40,1265876.30
117,2,7,"Medium Variance (~7.0) - Balanced",0,exponential,9,7.0109,504.11,2,4,85.45500000000001,158.25,90,4,3.3100,297.84,571.10,204.60,705.69,470.30,571.10,362.85,1266421.40,1267372.90,1270682.90
118,2,7,"Medium Variance (~7.0) - Balanced",0,exponential,9,7.0109,504.11,2,5,85.45500000000001,158.25,270,5,3.7108,309.70,683.00,474.75,690.96,165.15,683.00,316.50,1271249.60,1272434.70,1276145.50
119,2,7,"Medium Variance (~7.0) - Balanced",0,exponential,9,7.0109,504.11,2,6,85.45500000000001,158.25,135,6,2.9304,276.03,683.00,158.25,575.48,412.48,571.10,270.15,1276664.30,1277783.70,1280714.10
120,2,7,"Medium Variance (~7.0) - Balanced",0,exponential,9,7.0109,504.11,2,7,85.45500000000001,158.25,315,7,3.0451,336.05,571.10,428.40,806.23,188.31,683.00,316.50,1281269.10,1282079.70,1285124.80
121,2,7,"Medium Variance (~7.0) - Balanced",0,exponential,9,7.0109,504.11,3,0,85.45500000000001,208.89000000000001,0,0,1.9126,222.17,683.00,316.50,905.15,319.09,891.89,316.50,1292718.90,1293962.90,1295875.50
122,2,7,"Medium Variance (~7.0) - Balanced",0,exponential,9,7.0109,504.11,3,1,85.45500000000001,208.89000000000001,180,1,3.6248,411.35,891.89,316.50,480.95,334.89,683.00,316.50,1296422.70,1297735.30,1301360.10
123,2,7,"Medium Variance (~7.0) - Balanced",0,exponential,9,7.0109,504.11,3,2,85.45500000000001,208.89000000000001,45,2,2.7997,380.26,474.11,316.50,823.37,466.90,621.82,464.21,1301927.10,1302828.70,1305628.40
124,2,7,"Medium Variance (~7.0) - Balanced",0,exponential,9,7.0109,504.11,3,3,85.45500000000001,208.89000000000001,225,3,4.5397,434.88,830.71,464.21,508.09,172.60,683.00,316.50,1306184.20,1307095.20,1311634.90
125,2,7,"Medium Variance (~7.0) - Balanced",0,exponential,9,7.0109,504.11,3,4,85.45500000000001,208.89000000000001,90,4,4.5474,375.43,535.29,168.79,697.63,507.31,535.29,377.68,1312168.40,1313231.90,1317779.30
126,2,7,"Medium Variance (~7.0) - Balanced",0,exponential,9,7.0109,504.11,3,5,85.45500000000001,208.89000000000001,270,5,4.0327,383.81,683.00,525.39,676.86,141.63,683.00,316.50,1318330.60,1319095.10,1323127.80
127,2,7,"Medium Variance (~7.0) - Balanced",0,exponential,9,7.0109,504.11,3,6,85.45500000000001,208.89000000000001,135,6,3.1567,372.54,683.00,107.61,547.11,454.48,535.29,255.32,1323686.50,1324291.80,1327448.50
128,2,7,"Medium Variance (~7.0) - Balanced",0,exponential,9,7.0109,504.11,3,7,85.45500000000001,208.89000000000001,315,7,2.9347,423.76,535.29,464.21,830.34,160.03,683.00,316.50,1327993.50,1328735.00,1331669.70
129,2,7,"Medium Variance (~7.0) - Balanced",0,exponential,9,7.0109,504.11,4,0,107.61000000000001,158.25,0,0,2.3562,171.69,683.00,316.50,854.09,330.79,841.25,316.50,1339891.30,1341013.20,1343369.40
130,2,7,"Medium Variance (~7.0) - Balanced",0,exponential,9,7.0109,504.11,4,1,107.61000000000001,158.25,180,1,2.3044,341.04,841.25,316.50,501.30,343.79,683.00,316.50,1343931.50,1344467.50,1346771.90
131,2,7,"Medium Variance (~7.0) - Balanced",0,exponential,9,7.0109,504.11,4,2,107.61000000000001,158.25,45,2,1.6685,330.57,524.75,316.50,831.00,440.94,636.65,428.40,1347308.90,1348281.10,1349949.60
132,2,7,"Medium Variance (~7.0) - Balanced",0,exponential,9,7.0109,504.11,4,3,107.61000000000001,158.25,225,3,2.7483,319.86,794.90,428.40,550.96,221.51,683.00,316.50,1350510.60,1351125.00,1353873.30
133,2,7,"Medium Variance (~7.0) - Balanced",0,exponential,9,7.0109,504.11,4,4,107.61000000000001,158.25,90,4,2.5003,324.06,571.10,204.60,713.68,495.61,571.10,362.85,1354441.30,1354913.20,1357413.50
134,2,7,"Medium Variance (~7.0) - Balanced",0,exponential,9,7.0109,504.11,4,5,107.61000000000001,158.25,270,5,3.0212,316.84,683.00,474.75,664.55,158.45,683.00,316.50,1357964.20,1359144.10,1362165.30
135,2,7,"Medium Variance (~7.0) - Balanced",0,exponential,9,7.0109,504.11,4,6,107.61000000000001,158.25,135,6,3.2959,282.18,683.00,158.25,594.39,426.15,571.10,270.15,1362734.60,1362806.60,1366102.50
136,2,7,"Medium Variance (~7.0) - Balanced",0,exponential,9,7.0109,504.11,4,7,107.61000000000001,158.25,315,7,2.3283,353.60,571.10,428.40,821.89,179.13,683.00,316.50,1366658.30,1367084.60,1369412.90
137,2,7,"Medium Variance (~7.0) - Balanced",0,exponential,9,7.0109,504.11,5,0,107.61000000000001,208.89000000000001,0,0,1.7218,190.75,683.00,316.50,872.90,334.50,891.89,316.50,1378821.10,1379977.00,1381698.80
138,2,7,"Medium Variance (~7.0) - Balanced",0,exponential,9,7.0109,504.11,5,1,107.61000000000001,208.89000000000001,180,1,2.6999,459.55,891.89,316.50,432.34,314.58,683.00,316.50,1382262.00,1383093.80,1385793.70
139,2,7,"Medium Variance (~7.0) - Balanced",0,exponential,9,7.0109,504.11,5,2,107.61000000000001,208.89000000000001,45,2,2.9535,388.55,474.11,316.50,827.17,478.73,621.82,464.21,1386347.00,1387241.30,1390194.80
140,2,7,"Medium Variance (~7.0) - Balanced",0,exponential,9,7.0109,504.11,5,3,107.61000000000001,208.89000000000001,225,3,3.5780,403.52,830.71,464.21,549.50,174.81,683.00,316.50,1390730.10,1392231.50,1395809.50
141,2,7,"Medium Variance (~7.0) - Balanced",0,exponential,9,7.0109,504.11,5,4,107.61000000000001,208.89000000000001,90,4,2.7260,387.53,535.29,168.79,642.42,541.22,535.29,377.68,1396383.10,1397711.60,1400437.60
142,2,7,"Medium Variance (~7.0) - Balanced",0,exponential,9,7.0109,504.11,5,5,107.61000000000001,208.89000000000001,270,5,3.8902,420.25,683.00,525.39,736.26,108.52,683.00,316.50,1400996.70,1402005.20,1405895.40
143,2,7,"Medium Variance (~7.0) - Balanced",0,exponential,9,7.0109,504.11,5,6,107.61000000000001,208.89000000000001,135,6,5.7655,420.24,683.00,107.61,484.31,477.91,535.29,255.32,1406438.30,1406468.50,1412234.00
144,2,7,"Medium Variance (~7.0) - Balanced",0,exponential,9,7.0109,504.11,5,7,107.61000000000001,208.89000000000001,315,7,3.5146,427.02,535.29,464.21,828.01,153.30,683.00,316.50,1412779.60,1412810.90,1416325.50
145,2,7,"Medium Variance (~7.0) - Balanced",1,oneEuro,27,6.7023,263.16,0,0,63.300000000000004,158.25,0,0,4.6825,156.14,683.00,316.50,838.50,330.63,841.25,316.50,1436762.80,1437698.20,1442380.70
146,2,7,"Medium Variance (~7.0) - Balanced",1,oneEuro,27,6.7023,263.16,0,1,63.300000000000004,158.25,180,1,3.5946,332.25,841.25,316.50,510.04,342.79,683.00,316.50,1442918.00,1443491.70,1447086.30
147,2,7,"Medium Variance (~7.0) - Balanced",1,oneEuro,27,6.7023,263.16,0,2,63.300000000000004,158.25,45,2,2.7095,302.21,524.75,316.50,809.94,416.49,636.65,428.40,1447636.40,1447670.60,1450380.10
148,2,7,"Medium Variance (~7.0) - Balanced",1,oneEuro,27,6.7023,263.16,0,3,63.300000000000004,158.25,225,3,3.2161,315.93,794.90,428.40,568.49,208.06,683.00,316.50,1450922.40,1451858.90,1455075.00
149,2,7,"Medium Variance (~7.0) - Balanced",1,oneEuro,27,6.7023,263.16,0,4,63.300000000000004,158.25,90,4,3.3299,304.30,571.10,204.60,699.64,480.41,571.10,362.85,1455619.40,1456932.30,1460262.20
150,2,7,"Medium Variance (~7.0) - Balanced",1,oneEuro,27,6.7023,263.16,0,5,63.300000000000004,158.25,270,5,4.1119,307.29,683.00,474.75,679.53,167.48,683.00,316.50,1460775.40,1461819.90,1465931.80
151,2,7,"Medium Variance (~7.0) - Balanced",1,oneEuro,27,6.7023,263.16,0,6,63.300000000000004,158.25,135,6,3.9222,285.33,683.00,158.25,584.25,425.95,571.10,270.15,1466475.10,1467315.40,1471237.60
152,2,7,"Medium Variance (~7.0) - Balanced",1,oneEuro,27,6.7023,263.16,0,7,63.300000000000004,158.25,315,7,3.8765,314.54,571.10,428.40,792.44,204.91,683.00,316.50,1471786.80,1472565.80,1476442.30
153,2,7,"Medium Variance (~7.0) - Balanced",1,oneEuro,27,6.7023,263.16,1,0,63.300000000000004,208.89000000000001,0,0,2.6826,221.57,683.00,316.50,903.93,333.28,891.89,316.50,1491578.70,1492540.40,1495223.00
154,2,7,"Medium Variance (~7.0) - Balanced",1,oneEuro,27,6.7023,263.16,1,1,63.300000000000004,208.89000000000001,180,1,3.4797,410.86,891.89,316.50,481.09,323.79,683.00,316.50,1495764.30,1496259.00,1499738.70
155,2,7,"Medium Variance (~7.0) - Balanced",1,oneEuro,27,6.7023,263.16,1,2,63.300000000000004,208.89000000000001,45,2,3.7344,383.30,474.11,316.50,826.15,468.12,621.82,464.21,1500309.80,1500870.20,1504604.60
156,2,7,"Medium Variance (~7.0) - Balanced",1,oneEuro,27,6.7023,263.16,1,3,63.300000000000004,208.89000000000001,225,3,2.7477,425.15,830.71,464.21,520.18,173.82,683.00,316.50,1505172.90,1505985.70,1508733.40
157,2,7,"Medium Variance (~7.0) - Balanced",1,oneEuro,27,6.7023,263.16,1,4,63.300000000000004,208.89000000000001,90,4,3.0401,410.08,535.29,168.79,701.06,543.87,535.29,377.68,1509288.10,1509922.70,1512962.80
158,2,7,"Medium Variance (~7.0) - Balanced",1,oneEuro,27,6.7023,263.16,1,5,63.300000000000004,208.89000000000001,270,5,6.0482,402.42,683.00,525.39,682.76,122.97,683.00,316.50,1513512.30,1514438.80,1520487.00
159,2,7,"Medium Variance (~7.0) - Balanced",1,oneEuro,27,6.7023,263.16,1,6,63.300000000000004,208.89000000000001,135,6,4.9709,381.70,683.00,107.61,561.04,469.30,535.29,255.32,1521043.50,1521347.10,1526318.00
160,2,7,"Medium Variance (~7.0) - Balanced",1,oneEuro,27,6.7023,263.16,1,7,63.300000000000004,208.89000000000001,315,7,5.5076,425.18,535.29,464.21,854.89,183.79,683.00,316.50,1526887.20,1527328.00,1532835.60
161,2,7,"Medium Variance (~7.0) - Balanced",1,oneEuro,27,6.7023,263.16,2,0,85.45500000000001,158.25,0,0,10.3381,138.07,683.00,316.50,817.61,347.21,841.25,316.50,1541951.30,1543059.20,1553397.30
162,2,7,"Medium Variance (~7.0) - Balanced",1,oneEuro,27,6.7023,263.16,2,1,85.45500000000001,158.25,180,1,2.5597,326.60,841.25,316.50,516.16,347.84,683.00,316.50,1553935.30,1554315.50,1556875.20
163,2,7,"Medium Variance (~7.0) - Balanced",1,oneEuro,27,6.7023,263.16,2,2,85.45500000000001,158.25,45,2,1.6837,276.30,524.75,316.50,765.22,452.58,636.65,428.40,1557434.00,1557949.40,1559633.10
164,2,7,"Medium Variance (~7.0) - Balanced",1,oneEuro,27,6.7023,263.16,2,3,85.45500000000001,158.25,225,3,2.8973,328.63,794.90,428.40,554.45,204.39,683.00,316.50,1560193.40,1560458.60,1563355.90
165,2,7,"Medium Variance (~7.0) - Balanced",1,oneEuro,27,6.7023,263.16,2,4,85.45500000000001,158.25,90,4,4.2340,298.92,571.10,204.60,719.26,464.22,571.10,362.85,1563896.60,1564684.70,1568918.70
166,2,7,"Medium Variance (~7.0) - Balanced",1,oneEuro,27,6.7023,263.16,2,5,85.45500000000001,158.25,270,5,2.3004,295.23,683.00,474.75,684.32,179.53,683.00,316.50,1569468.30,1570399.40,1572699.80
167,2,7,"Medium Variance (~7.0) - Balanced",1,oneEuro,27,6.7023,263.16,2,6,85.45500000000001,158.25,135,6,2.0491,299.38,683.00,158.25,563.40,432.70,571.10,270.15,1573206.40,1574015.50,1576064.60
168,2,7,"Medium Variance (~7.0) - Balanced",1,oneEuro,27,6.7023,263.16,2,7,85.45500000000001,158.25,315,7,2.1809,301.55,571.10,428.40,764.45,197.00,683.00,316.50,1576598.90,1577204.20,1579385.10
169,2,7,"Medium Variance (~7.0) - Balanced",1,oneEuro,27,6.7023,263.16,3,0,85.45500000000001,208.89000000000001,0,0,1.6837,209.41,683.00,316.50,891.94,330.54,891.89,316.50,1592833.30,1593646.60,1595330.30
170,2,7,"Medium Variance (~7.0) - Balanced",1,oneEuro,27,6.7023,263.16,3,1,85.45500000000001,208.89000000000001,180,1,2.7249,432.71,891.89,316.50,459.42,330.88,683.00,316.50,1595895.50,1596098.90,1598823.80
171,2,7,"Medium Variance (~7.0) - Balanced",1,oneEuro,27,6.7023,263.16,3,2,85.45500000000001,208.89000000000001,45,2,2.7141,389.17,474.11,316.50,839.38,450.77,621.82,464.21,1599385.40,1599973.30,1602687.40
172,2,7,"Medium Variance (~7.0) - Balanced",1,oneEuro,27,6.7023,263.16,3,3,85.45500000000001,208.89000000000001,225,3,7.6727,405.21,830.71,464.21,533.35,188.94,683.00,316.50,1603194.90,1603859.70,1611532.40
173,2,7,"Medium Variance (~7.0) - Balanced",1,oneEuro,27,6.7023,263.16,3,4,85.45500000000001,208.89000000000001,90,4,2.5953,404.67,535.29,168.79,688.43,543.37,535.29,377.68,1612067.60,1612883.30,1615478.60
174,2,7,"Medium Variance (~7.0) - Balanced",1,oneEuro,27,6.7023,263.16,3,5,85.45500000000001,208.89000000000001,270,5,6.8099,388.74,683.00,525.39,705.86,137.33,683.00,316.50,1616015.60,1616814.10,1623624.00
175,2,7,"Medium Variance (~7.0) - Balanced",1,oneEuro,27,6.7023,263.16,3,6,85.45500000000001,208.89000000000001,135,6,4.5597,382.38,683.00,107.61,518.78,452.93,535.29,255.32,1624163.00,1624194.50,1628754.20
176,2,7,"Medium Variance (~7.0) - Balanced",1,oneEuro,27,6.7023,263.16,3,7,85.45500000000001,208.89000000000001,315,7,3.7520,412.34,535.29,464.21,846.66,193.89,683.00,316.50,1629299.80,1630145.40,1633897.40
177,2,7,"Medium Variance (~7.0) - Balanced",1,oneEuro,27,6.7023,263.16,4,0,107.61000000000001,158.25,0,0,0.9964,184.07,683.00,316.50,866.36,332.65,841.25,316.50,1642891.10,1643582.20,1644578.60
178,2,7,"Medium Variance (~7.0) - Balanced",1,oneEuro,27,6.7023,263.16,4,1,107.61000000000001,158.25,180,1,2.2720,270.62,841.25,316.50,570.70,322.93,683.00,316.50,1645106.30,1645632.60,1647904.60
179,2,7,"Medium Variance (~7.0) - Balanced",1,oneEuro,27,6.7023,263.16,4,2,107.61000000000001,158.25,45,2,2.0164,316.43,524.75,316.50,824.55,417.73,636.65,428.40,1648467.90,1648500.90,1650517.30
180,2,7,"Medium Variance (~7.0) - Balanced",1,oneEuro,27,6.7023,263.16,4,3,107.61000000000001,158.25,225,3,2.8571,294.54,794.90,428.40,607.67,201.02,683.00,316.50,1651082.30,1652059.20,1654916.30
181,2,7,"Medium Variance (~7.0) - Balanced",1,oneEuro,27,6.7023,263.16,4,4,107.61000000000001,158.25,90,4,2.4929,282.08,571.10,204.60,710.47,449.84,571.10,362.85,1655461.80,1656298.80,1658791.70
182,2,7,"Medium Variance (~7.0) - Balanced",1,oneEuro,27,6.7023,263.16,4,5,107.61000000000001,158.25,270,5,2.1156,295.32,683.00,474.75,693.44,179.61,683.00,316.50,1659331.90,1660527.10,1662642.70
183,2,7,"Medium Variance (~7.0) - Balanced",1,oneEuro,27,6.7023,263.16,4,6,107.61000000000001,158.25,135,6,1.4923,333.11,683.00,158.25,583.74,476.22,571.10,270.15,1663169.60,1663714.80,1665207.10
184,2,7,"Medium Variance (~7.0) - Balanced",1,oneEuro,27,6.7023,263.16,4,7,107.61000000000001,158.25,315,7,2.7114,326.00,571.10,428.40,819.79,217.61,683.00,316.50,1665768.40,1666415.80,1669127.20
185,2,7,"Medium Variance (~7.0) - Balanced",1,oneEuro,27,6.7023,263.16,5,0,107.61000000000001,208.89000000000001,0,0,1.1280,248.64,683.00,316.50,931.46,325.94,891.89,316.50,1684898.30,1686210.80,1687338.80
186,2,7,"Medium Variance (~7.0) - Balanced",1,oneEuro,27,6.7023,263.16,5,1,107.61000000000001,208.89000000000001,180,1,3.9652,418.37,891.89,316.50,475.05,352.22,683.00,316.50,1687902.10,1688050.10,1692015.30
187,2,7,"Medium Variance (~7.0) - Balanced",1,oneEuro,27,6.7023,263.16,5,2,107.61000000000001,208.89000000000001,45,2,2.8588,413.27,474.11,316.50,855.97,474.54,621.82,464.21,1692554.60,1693075.50,1695934.30
188,2,7,"Medium Variance (~7.0) - Balanced",1,oneEuro,27,6.7023,263.16,5,3,107.61000000000001,208.89000000000001,225,3,1.9034,417.40,830.71,464.21,555.16,150.69,683.00,316.50,1696487.40,1697526.50,1699429.90
189,2,7,"Medium Variance (~7.0) - Balanced",1,oneEuro,27,6.7023,263.16,5,4,107.61000000000001,208.89000000000001,90,4,2.8068,412.14,535.29,168.79,703.84,544.89,535.29,377.68,1699987.90,1700831.20,1703638.00
190,2,7,"Medium Variance (~7.0) - Balanced",1,oneEuro,27,6.7023,263.16,5,5,107.61000000000001,208.89000000000001,270,5,2.3597,393.70,683.00,525.39,710.16,132.62,683.00,316.50,1704195.40,1705050.00,1707409.70
191,2,7,"Medium Variance (~7.0) - Balanced",1,oneEuro,27,6.7023,263.16,5,6,107.61000000000001,208.89000000000001,135,6,2.0834,422.72,683.00,107.61,497.21,487.31,535.29,255.32,1707957.80,1708662.60,1710746.00
192,2,7,"Medium Variance (~7.0) - Balanced",1,oneEuro,27,6.7023,263.16,5,7,107.61000000000001,208.89000000000001,315,7,2.0353,416.27,535.29,464.21,823.65,163.99,683.00,316.50,1711301.30,1712083.60,1714118.90
193,3,12.5,"Higher Variance (~12.5) - More Responsive",0,exponential,23,12.5275,290.57,0,0,63.300000000000004,158.25,0,0,3.2466,152.63,683.00,316.50,833.73,292.48,841.25,316.50,1763079.60,1763115.00,1766361.60
194,3,12.5,"Higher Variance (~12.5) - More Responsive",0,exponential,23,12.5275,290.57,0,1,63.300000000000004,158.25,180,1,2.1932,336.74,841.25,316.50,504.87,301.07,683.00,316.50,1766901.60,1767346.00,1769539.20
195,3,12.5,"Higher Variance (~12.5) - More Responsive",0,exponential,23,12.5275,290.57,0,2,63.300000000000004,158.25,45,2,3.2563,272.07,524.75,316.50,777.98,415.97,636.65,428.40,1770093.50,1770319.60,1773575.90
196,3,12.5,"Higher Variance (~12.5) - More Responsive",0,exponential,23,12.5275,290.57,0,3,63.300000000000004,158.25,225,3,5.3572,295.87,794.90,428.40,575.83,229.54,683.00,316.50,1774132.30,1774162.70,1779519.90
197,3,12.5,"Higher Variance (~12.5) - More Responsive",0,exponential,23,12.5275,290.57,0,4,63.300000000000004,158.25,90,4,5.3504,294.76,571.10,204.60,698.70,470.31,571.10,362.85,1780088.60,1780382.70,1785733.10
198,3,12.5,"Higher Variance (~12.5) - More Responsive",0,exponential,23,12.5275,290.57,0,5,63.300000000000004,158.25,270,5,10.4830,324.42,683.00,474.75,706.07,151.15,683.00,316.50,1786248.10,1786723.90,1797206.90
199,3,12.5,"Higher Variance (~12.5) - More Responsive",0,exponential,23,12.5275,290.57,0,6,63.300000000000004,158.25,135,6,4.9933,304.22,683.00,158.25,576.87,443.36,571.10,270.15,1797761.00,1798309.20,1803302.50
200,3,12.5,"Higher Variance (~12.5) - More Responsive",0,exponential,23,12.5275,290.57,0,7,63.300000000000004,158.25,315,7,4.7837,309.18,571.10,428.40,805.34,226.60,683.00,316.50,1803866.60,1804731.00,1809514.70
201,3,12.5,"Higher Variance (~12.5) - More Responsive",0,exponential,23,12.5275,290.57,1,0,63.300000000000004,208.89000000000001,0,0,3.6844,203.34,683.00,316.50,886.32,319.30,891.89,316.50,1876101.70,1876981.10,1880665.50
202,3,12.5,"Higher Variance (~12.5) - More Responsive",0,exponential,23,12.5275,290.57,1,1,63.300000000000004,208.89000000000001,180,1,4.7648,392.60,891.89,316.50,499.34,322.86,683.00,316.50,1881190.70,1881887.20,1886652.00
203,3,12.5,"Higher Variance (~12.5) - More Responsive",0,exponential,23,12.5275,290.57,1,2,63.300000000000004,208.89000000000001,45,2,6.4732,408.84,474.11,316.50,852.55,471.20,621.82,464.21,1887210.10,1887851.70,1894324.90
204,3,12.5,"Higher Variance (~12.5) - More Responsive",0,exponential,23,12.5275,290.57,1,3,63.300000000000004,208.89000000000001,225,3,18.0185,396.78,830.71,464.21,542.28,191.73,683.00,316.50,1894871.30,1895311.60,1913330.10
205,3,12.5,"Higher Variance (~12.5) - More Responsive",0,exponential,23,12.5275,290.57,1,4,63.300000000000004,208.89000000000001,90,4,3.8509,360.36,535.29,168.79,661.88,506.18,535.29,377.68,1913895.80,1914212.60,1918063.50
206,3,12.5,"Higher Variance (~12.5) - More Responsive",0,exponential,23,12.5275,290.57,1,5,63.300000000000004,208.89000000000001,270,5,3.7549,394.18,683.00,525.39,673.86,131.31,683.00,316.50,1918625.20,1918656.70,1922411.60
207,3,12.5,"Higher Variance (~12.5) - More Responsive",0,exponential,23,12.5275,290.57,1,6,63.300000000000004,208.89000000000001,135,6,4.2544,387.24,683.00,107.61,541.67,468.14,535.29,255.32,1922962.30,1923579.60,1927834.00
208,3,12.5,"Higher Variance (~12.5) - More Responsive",0,exponential,23,12.5275,290.57,1,7,63.300000000000004,208.89000000000001,315,7,2.7188,414.12,535.29,464.21,834.88,178.29,683.00,316.50,1928371.90,1929096.50,1931815.30
209,3,12.5,"Higher Variance (~12.5) - More Responsive",0,exponential,23,12.5275,290.57,2,0,85.45500000000001,158.25,0,0,1.1349,174.62,683.00,316.50,857.47,323.62,841.25,316.50,1963918.90,1965130.10,1966265.00
210,3,12.5,"Higher Variance (~12.5) - More Responsive",0,exponential,23,12.5275,290.57,2,1,85.45500000000001,158.25,180,1,1.9532,320.20,841.25,316.50,521.32,329.71,683.00,316.50,1966834.90,1967720.00,1969673.20
211,3,12.5,"Higher Variance (~12.5) - More Responsive",0,exponential,23,12.5275,290.57,2,2,85.45500000000001,158.25,45,2,2.8365,280.57,524.75,316.50,787.63,414.57,636.65,428.40,1970229.20,1970789.50,1973626.00
212,3,12.5,"Higher Variance (~12.5) - More Responsive",0,exponential,23,12.5275,290.57,2,3,85.45500000000001,158.25,225,3,2.4266,335.16,794.90,428.40,577.36,173.43,683.00,316.50,1974175.10,1974303.00,1976729.60
213,3,12.5,"Higher Variance (~12.5) - More Responsive",0,exponential,23,12.5275,290.57,2,4,85.45500000000001,158.25,90,4,2.1442,315.61,571.10,204.60,683.19,499.64,571.10,362.85,1977295.10,1978112.30,1980256.50
214,3,12.5,"Higher Variance (~12.5) - More Responsive",0,exponential,23,12.5275,290.57,2,5,85.45500000000001,158.25,270,5,6.6175,302.94,683.00,474.75,674.72,171.93,683.00,316.50,1980817.80,1981355.50,1987973.00
215,3,12.5,"Higher Variance (~12.5) - More Responsive",0,exponential,23,12.5275,290.57,2,6,85.45500000000001,158.25,135,6,2.0900,298.79,683.00,158.25,561.24,431.11,571.10,270.15,1988526.80,1988558.70,1990648.70
216,3,12.5,"Higher Variance (~12.5) - More Responsive",0,exponential,23,12.5275,290.57,2,7,85.45500000000001,158.25,315,7,3.3792,300.06,571.10,428.40,776.14,209.31,683.00,316.50,1991192.10,1991852.80,1995232.00
217,3,12.5,"Higher Variance (~12.5) - More Responsive",0,exponential,23,12.5275,290.57,3,0,85.45500000000001,208.89000000000001,0,0,2.2960,225.40,683.00,316.50,908.22,325.34,891.89,316.50,2001546.90,2002543.50,2004839.50
218,3,12.5,"Higher Variance (~12.5) - More Responsive",0,exponential,23,12.5275,290.57,3,1,85.45500000000001,208.89000000000001,180,1,2.3927,435.73,891.89,316.50,456.88,341.45,683.00,316.50,2005392.60,2006703.10,2009095.80
219,3,12.5,"Higher Variance (~12.5) - More Responsive",0,exponential,23,12.5275,290.57,3,2,85.45500000000001,208.89000000000001,45,2,2.5526,378.86,474.11,316.50,813.85,484.17,621.82,464.21,2009644.20,2010430.90,2012983.50
220,3,12.5,"Higher Variance (~12.5) - More Responsive",0,exponential,23,12.5275,290.57,3,3,85.45500000000001,208.89000000000001,225,3,3.6825,404.76,830.71,464.21,532.43,190.60,683.00,316.50,2013532.40,2013732.10,2017414.60
221,3,12.5,"Higher Variance (~12.5) - More Responsive",0,exponential,23,12.5275,290.57,3,4,85.45500000000001,208.89000000000001,90,4,3.0710,380.53,535.29,168.79,697.06,513.23,535.29,377.68,2017924.50,2018727.80,2021798.80
222,3,12.5,"Higher Variance (~12.5) - More Responsive",0,exponential,23,12.5275,290.57,3,5,85.45500000000001,208.89000000000001,270,5,3.1914,420.50,683.00,525.39,693.32,105.02,683.00,316.50,2022355.90,2022859.20,2026050.60
223,3,12.5,"Higher Variance (~12.5) - More Responsive",0,exponential,23,12.5275,290.57,3,6,85.45500000000001,208.89000000000001,135,6,4.9717,352.00,683.00,107.61,543.50,430.79,535.29,255.32,2026597.60,2027468.00,2032439.70
224,3,12.5,"Higher Variance (~12.5) - More Responsive",0,exponential,23,12.5275,290.57,3,7,85.45500000000001,208.89000000000001,315,7,4.5582,393.02,535.29,464.21,814.07,187.17,683.00,316.50,2033000.90,2033302.50,2037860.70
225,3,12.5,"Higher Variance (~12.5) - More Responsive",0,exponential,23,12.5275,290.57,4,0,107.61000000000001,158.25,0,0,1.0100,185.15,683.00,316.50,868.00,324.08,841.25,316.50,2048017.90,2049202.80,2050212.80
226,3,12.5,"Higher Variance (~12.5) - More Responsive",0,exponential,23,12.5275,290.57,4,1,107.61000000000001,158.25,180,1,3.1663,324.70,841.25,316.50,517.18,336.75,683.00,316.50,2050755.30,2051037.00,2054203.30
227,3,12.5,"Higher Variance (~12.5) - More Responsive",0,exponential,23,12.5275,290.57,4,2,107.61000000000001,158.25,45,2,5.0305,290.37,524.75,316.50,789.52,435.71,636.65,428.40,2054753.00,2055269.70,2060300.20
228,3,12.5,"Higher Variance (~12.5) - More Responsive",0,exponential,23,12.5275,290.57,4,3,107.61000000000001,158.25,225,3,2.8996,303.96,794.90,428.40,581.18,212.26,683.00,316.50,2060862.10,2061425.20,2064324.80
229,3,12.5,"Higher Variance (~12.5) - More Responsive",0,exponential,23,12.5275,290.57,4,4,107.61000000000001,158.25,90,4,2.1370,294.32,571.10,204.60,660.23,485.11,571.10,362.85,2064883.20,2065745.60,2067882.60
230,3,12.5,"Higher Variance (~12.5) - More Responsive",0,exponential,23,12.5275,290.57,4,5,107.61000000000001,158.25,270,5,2.8382,302.90,683.00,474.75,683.88,171.85,683.00,316.50,2068434.80,2069271.30,2072109.50
231,3,12.5,"Higher Variance (~12.5) - More Responsive",0,exponential,23,12.5275,290.57,4,6,107.61000000000001,158.25,135,6,1.9702,272.78,683.00,158.25,595.52,416.62,571.10,270.15,2072653.50,2073638.50,2075608.70
232,3,12.5,"Higher Variance (~12.5) - More Responsive",0,exponential,23,12.5275,290.57,4,7,107.61000000000001,158.25,315,7,2.0968,302.31,571.10,428.40,774.86,205.07,683.00,316.50,2076154.50,2076966.50,2079063.30
233,3,12.5,"Higher Variance (~12.5) - More Responsive",0,exponential,23,12.5275,290.57,5,0,107.61000000000001,208.89000000000001,0,0,3.0730,182.42,683.00,316.50,865.30,309.89,891.89,316.50,2093859.00,2094583.20,2097656.20
234,3,12.5,"Higher Variance (~12.5) - More Responsive",0,exponential,23,12.5275,290.57,5,1,107.61000000000001,208.89000000000001,180,1,3.2105,441.84,891.89,316.50,451.52,352.45,683.00,316.50,2098210.50,2099096.90,2102307.40
235,3,12.5,"Higher Variance (~12.5) - More Responsive",0,exponential,23,12.5275,290.57,5,2,107.61000000000001,208.89000000000001,45,2,2.3895,418.50,474.11,316.50,865.60,464.40,621.82,464.21,2102872.10,2104297.50,2106687.00
236,3,12.5,"Higher Variance (~12.5) - More Responsive",0,exponential,23,12.5275,290.57,5,3,107.61000000000001,208.89000000000001,225,3,3.8650,421.89,830.71,464.21,532.68,165.59,683.00,316.50,2107238.80,2107277.80,2111142.80
237,3,12.5,"Higher Variance (~12.5) - More Responsive",0,exponential,23,12.5275,290.57,5,4,107.61000000000001,208.89000000000001,90,4,3.7745,381.86,535.29,168.79,656.33,530.96,535.29,377.68,2111687.50,2112354.10,2116128.60
238,3,12.5,"Higher Variance (~12.5) - More Responsive",0,exponential,23,12.5275,290.57,5,5,107.61000000000001,208.89000000000001,270,5,2.8886,400.20,683.00,525.39,711.96,126.24,683.00,316.50,2116671.40,2117447.60,2120336.20
239,3,12.5,"Higher Variance (~12.5) - More Responsive",0,exponential,23,12.5275,290.57,5,6,107.61000000000001,208.89000000000001,135,6,3.4149,382.98,683.00,107.61,540.72,463.18,535.29,255.32,2120871.00,2121269.80,2124684.70
240,3,12.5,"Higher Variance (~12.5) - More Responsive",0,exponential,23,12.5275,290.57,5,7,107.61000000000001,208.89000000000001,315,7,2.8943,384.68,535.29,464.21,817.02,202.28,683.00,316.50,2125230.00,2126070.60,2128964.90
241,3,12.5,"Higher Variance (~12.5) - More Responsive",1,oneEuro,43,12.5063,255.62,0,0,63.300000000000004,158.25,0,0,1.6723,171.97,683.00,316.50,854.95,319.22,841.25,316.50,2168986.50,2169594.80,2171267.10
242,3,12.5,"Higher Variance (~12.5) - More Responsive",1,oneEuro,43,12.5063,255.62,0,1,63.300000000000004,158.25,180,1,4.9008,308.67,841.25,316.50,533.35,338.31,683.00,316.50,2171831.50,2172103.70,2177004.50
243,3,12.5,"Higher Variance (~12.5) - More Responsive",1,oneEuro,43,12.5063,255.62,0,2,63.300000000000004,158.25,45,2,4.8501,288.89,524.75,316.50,791.22,428.08,636.65,428.40,2177559.10,2178082.80,2182932.90
244,3,12.5,"Higher Variance (~12.5) - More Responsive",1,oneEuro,43,12.5063,255.62,0,3,63.300000000000004,158.25,225,3,3.9333,308.50,794.90,428.40,576.67,210.34,683.00,316.50,2183446.40,2184311.20,2188244.50
245,3,12.5,"Higher Variance (~12.5) - More Responsive",1,oneEuro,43,12.5063,255.62,0,4,63.300000000000004,158.25,90,4,3.8098,293.63,571.10,204.60,655.73,485.77,571.10,362.85,2188811.90,2189990.30,2193800.10
246,3,12.5,"Higher Variance (~12.5) - More Responsive",1,oneEuro,43,12.5063,255.62,0,5,63.300000000000004,158.25,270,5,2.6805,300.67,683.00,474.75,686.46,174.10,683.00,316.50,2194349.10,2194380.50,2197061.00
247,3,12.5,"Higher Variance (~12.5) - More Responsive",1,oneEuro,43,12.5063,255.62,0,6,63.300000000000004,158.25,135,6,3.5018,279.03,683.00,158.25,581.71,418.24,571.10,270.15,2197588.40,2198230.10,2201731.90
248,3,12.5,"Higher Variance (~12.5) - More Responsive",1,oneEuro,43,12.5063,255.62,0,7,63.300000000000004,158.25,315,7,2.4873,301.94,571.10,428.40,776.27,206.88,683.00,316.50,2202279.70,2203197.50,2205684.80
249,3,12.5,"Higher Variance (~12.5) - More Responsive",1,oneEuro,43,12.5063,255.62,1,0,63.300000000000004,208.89000000000001,0,0,1.5074,207.24,683.00,316.50,889.95,305.65,891.89,316.50,2216554.60,2217618.80,2219126.20
250,3,12.5,"Higher Variance (~12.5) - More Responsive",1,oneEuro,43,12.5063,255.62,1,1,63.300000000000004,208.89000000000001,180,1,3.1949,404.45,891.89,316.50,487.46,320.20,683.00,316.50,2219687.40,2220492.90,2223687.80
251,3,12.5,"Higher Variance (~12.5) - More Responsive",1,oneEuro,43,12.5063,255.62,1,2,63.300000000000004,208.89000000000001,45,2,3.4451,382.62,474.11,316.50,827.56,463.02,621.82,464.21,2224246.20,2224319.20,2227764.30
252,3,12.5,"Higher Variance (~12.5) - More Responsive",1,oneEuro,43,12.5063,255.62,1,3,63.300000000000004,208.89000000000001,225,3,4.0139,412.41,830.71,464.21,542.07,169.64,683.00,316.50,2228317.30,2228492.20,2232506.10
253,3,12.5,"Higher Variance (~12.5) - More Responsive",1,oneEuro,43,12.5063,255.62,1,4,63.300000000000004,208.89000000000001,90,4,3.9479,370.78,535.29,168.79,683.20,508.79,535.29,377.68,2233062.70,2234038.60,2237986.50
254,3,12.5,"Higher Variance (~12.5) - More Responsive",1,oneEuro,43,12.5063,255.62,1,5,63.300000000000004,208.89000000000001,270,5,3.6124,410.68,683.00,525.39,680.87,114.71,683.00,316.50,2238536.10,2238700.20,2242312.60
255,3,12.5,"Higher Variance (~12.5) - More Responsive",1,oneEuro,43,12.5063,255.62,1,6,63.300000000000004,208.89000000000001,135,6,3.8829,374.10,683.00,107.61,550.19,457.34,535.29,255.32,2242862.20,2243533.10,2247416.00
256,3,12.5,"Higher Variance (~12.5) - More Responsive",1,oneEuro,43,12.5063,255.62,1,7,63.300000000000004,208.89000000000001,315,7,3.2317,409.89,535.29,464.21,830.35,179.68,683.00,316.50,2247972.20,2248647.50,2251879.20
257,3,12.5,"Higher Variance (~12.5) - More Responsive",1,oneEuro,43,12.5063,255.62,2,0,85.45500000000001,158.25,0,0,0.9505,151.74,683.00,316.50,834.37,327.11,841.25,316.50,2268240.00,2269103.40,2270053.90
258,3,12.5,"Higher Variance (~12.5) - More Responsive",1,oneEuro,43,12.5063,255.62,2,1,85.45500000000001,158.25,180,1,1.8224,324.33,841.25,316.50,517.08,326.56,683.00,316.50,2270613.90,2270885.30,2272707.70
259,3,12.5,"Higher Variance (~12.5) - More Responsive",1,oneEuro,43,12.5063,255.62,2,2,85.45500000000001,158.25,45,2,2.6698,272.01,524.75,316.50,767.64,438.95,636.65,428.40,2273257.90,2273940.40,2276610.20
260,3,12.5,"Higher Variance (~12.5) - More Responsive",1,oneEuro,43,12.5063,255.62,2,3,85.45500000000001,158.25,225,3,2.4461,310.52,794.90,428.40,565.09,219.56,683.00,316.50,2277160.20,2277692.30,2280138.40
261,3,12.5,"Higher Variance (~12.5) - More Responsive",1,oneEuro,43,12.5063,255.62,2,4,85.45500000000001,158.25,90,4,2.0027,311.87,571.10,204.60,702.99,487.21,571.10,362.85,2280679.80,2281017.30,2283020.00
262,3,12.5,"Higher Variance (~12.5) - More Responsive",1,oneEuro,43,12.5063,255.62,2,5,85.45500000000001,158.25,270,5,2.6604,339.46,683.00,474.75,717.12,137.01,683.00,316.50,2283561.30,2284388.20,2287048.60
263,3,12.5,"Higher Variance (~12.5) - More Responsive",1,oneEuro,43,12.5063,255.62,2,6,85.45500000000001,158.25,135,6,1.7875,271.95,683.00,158.25,596.39,416.04,571.10,270.15,2287573.20,2288312.50,2290100.00
264,3,12.5,"Higher Variance (~12.5) - More Responsive",1,oneEuro,43,12.5063,255.62,2,7,85.45500000000001,158.25,315,7,3.5769,295.99,571.10,428.40,796.53,236.58,683.00,316.50,2290646.80,2291230.10,2294807.00
265,3,12.5,"Higher Variance (~12.5) - More Responsive",1,oneEuro,43,12.5063,255.62,3,0,85.45500000000001,208.89000000000001,0,0,1.8549,214.38,683.00,316.50,896.33,337.65,891.89,316.50,2300965.80,2301822.40,2303677.30
266,3,12.5,"Higher Variance (~12.5) - More Responsive",1,oneEuro,43,12.5063,255.62,3,1,85.45500000000001,208.89000000000001,180,1,2.7058,415.34,891.89,316.50,476.55,316.82,683.00,316.50,2304193.30,2304694.80,2307400.60
267,3,12.5,"Higher Variance (~12.5) - More Responsive",1,oneEuro,43,12.5063,255.62,3,2,85.45500000000001,208.89000000000001,45,2,2.3350,379.81,474.11,316.50,818.88,475.83,621.82,464.21,2307970.40,2308901.00,2311236.00
268,3,12.5,"Higher Variance (~12.5) - More Responsive",1,oneEuro,43,12.5063,255.62,3,3,85.45500000000001,208.89000000000001,225,3,2.6289,414.62,830.71,464.21,520.72,188.85,683.00,316.50,2311774.10,2312491.30,2315120.20
269,3,12.5,"Higher Variance (~12.5) - More Responsive",1,oneEuro,43,12.5063,255.62,3,4,85.45500000000001,208.89000000000001,90,4,2.3114,384.03,535.29,168.79,684.19,522.78,535.29,377.68,2315656.30,2316250.50,2318561.90
270,3,12.5,"Higher Variance (~12.5) - More Responsive",1,oneEuro,43,12.5063,255.62,3,5,85.45500000000001,208.89000000000001,270,5,2.4035,404.32,683.00,525.39,689.74,121.13,683.00,316.50,2319107.50,2319699.00,2322102.50
271,3,12.5,"Higher Variance (~12.5) - More Responsive",1,oneEuro,43,12.5063,255.62,3,6,85.45500000000001,208.89000000000001,135,6,1.7467,401.75,683.00,107.61,532.06,479.93,535.29,255.32,2322668.50,2323494.30,2325241.00
272,3,12.5,"Higher Variance (~12.5) - More Responsive",1,oneEuro,43,12.5063,255.62,3,7,85.45500000000001,208.89000000000001,315,7,1.8232,458.48,535.29,464.21,852.44,133.12,683.00,316.50,2325802.70,2326615.60,2328438.80
273,3,12.5,"Higher Variance (~12.5) - More Responsive",1,oneEuro,43,12.5063,255.62,4,0,107.61000000000001,158.25,0,0,2.7579,180.09,683.00,316.50,862.09,335.45,841.25,316.50,2333634.70,2334272.80,2337030.70
274,3,12.5,"Higher Variance (~12.5) - More Responsive",1,oneEuro,43,12.5063,255.62,4,1,107.61000000000001,158.25,180,1,1.3235,309.54,841.25,316.50,532.14,332.81,683.00,316.50,2337591.00,2337983.50,2339307.00
275,3,12.5,"Higher Variance (~12.5) - More Responsive",1,oneEuro,43,12.5063,255.62,4,2,107.61000000000001,158.25,45,2,3.3205,281.09,524.75,316.50,782.80,427.96,636.65,428.40,2339856.70,2340234.00,2343554.50
276,3,12.5,"Higher Variance (~12.5) - More Responsive",1,oneEuro,43,12.5063,255.62,4,3,107.61000000000001,158.25,225,3,2.0723,333.74,794.90,428.40,545.44,206.70,683.00,316.50,2344099.70,2344573.70,2346646.00
277,3,12.5,"Higher Variance (~12.5) - More Responsive",1,oneEuro,43,12.5063,255.62,4,4,107.61000000000001,158.25,90,4,1.5966,319.20,571.10,204.60,717.28,488.36,571.10,362.85,2347181.60,2347781.70,2349378.30
278,3,12.5,"Higher Variance (~12.5) - More Responsive",1,oneEuro,43,12.5063,255.62,4,5,107.61000000000001,158.25,270,5,2.2180,309.72,683.00,474.75,708.36,166.07,683.00,316.50,2349933.20,2350464.80,2352682.80
279,3,12.5,"Higher Variance (~12.5) - More Responsive",1,oneEuro,43,12.5063,255.62,4,6,107.61000000000001,158.25,135,6,2.7773,299.94,683.00,158.25,545.44,424.78,571.10,270.15,2353232.50,2353786.80,2356564.10
280,3,12.5,"Higher Variance (~12.5) - More Responsive",1,oneEuro,43,12.5063,255.62,4,7,107.61000000000001,158.25,315,7,2.4273,308.70,571.10,428.40,799.52,220.74,683.00,316.50,2357124.50,2357889.70,2360317.00
281,3,12.5,"Higher Variance (~12.5) - More Responsive",1,oneEuro,43,12.5063,255.62,5,0,107.61000000000001,208.89000000000001,0,0,1.2514,237.20,683.00,316.50,918.16,285.47,891.89,316.50,2364747.40,2365828.30,2367079.70
282,3,12.5,"Higher Variance (~12.5) - More Responsive",1,oneEuro,43,12.5063,255.62,5,1,107.61000000000001,208.89000000000001,180,1,2.2913,425.44,891.89,316.50,466.63,328.74,683.00,316.50,2367608.90,2368349.40,2370640.70
283,3,12.5,"Higher Variance (~12.5) - More Responsive",1,oneEuro,43,12.5063,255.62,5,2,107.61000000000001,208.89000000000001,45,2,1.8053,406.47,474.11,316.50,849.30,472.86,621.82,464.21,2371186.80,2372034.10,2373839.40
284,3,12.5,"Higher Variance (~12.5) - More Responsive",1,oneEuro,43,12.5063,255.62,5,3,107.61000000000001,208.89000000000001,225,3,3.2101,379.18,830.71,464.21,580.86,178.99,683.00,316.50,2374386.50,2375165.60,2378375.70
285,3,12.5,"Higher Variance (~12.5) - More Responsive",1,oneEuro,43,12.5063,255.62,5,4,107.61000000000001,208.89000000000001,90,4,2.4534,402.10,535.29,168.79,705.57,533.06,535.29,377.68,2378935.80,2379360.40,2381813.80
286,3,12.5,"Higher Variance (~12.5) - More Responsive",1,oneEuro,43,12.5063,255.62,5,5,107.61000000000001,208.89000000000001,270,5,2.1872,423.29,683.00,525.39,695.72,102.29,683.00,316.50,2382365.20,2382883.30,2385070.50
287,3,12.5,"Higher Variance (~12.5) - More Responsive",1,oneEuro,43,12.5063,255.62,5,6,107.61000000000001,208.89000000000001,135,6,4.1670,373.87,683.00,107.61,530.20,448.83,535.29,255.32,2385623.80,2385968.70,2390135.70
288,3,12.5,"Higher Variance (~12.5) - More Responsive",1,oneEuro,43,12.5063,255.62,5,7,107.61000000000001,208.89000000000001,315,7,3.1386,435.74,535.29,464.21,861.72,175.56,683.00,316.50,2390694.10,2390833.60,2393972.20
